:020000040000fa
:020000041fc01b
:042ff000ffffff38a8
:020000040000fa
:020000041fc01b
:042ff400d979f8ff90
:020000040000fa
:020000041fc01b
:042ff8005bcd74ff3a
:020000040000fa
:020000041fc01b
:042ffc00feffff7f56
:020000040000fa
:020000041fc01b
:100000000200f00f0000000000601a40c0045a7f98
:100010000500401300000000019d1a3c28305a27bb
:10002000080040030000000002a01d3cf0ffbd27b7
:1000300000a01c3cf07f9c27026009402058200152
:10004000801e2a7d8449497d02608940c0000000ed
:1000500000e0dc4102608b40c0000000019d083cd4
:100060009434082509f800010000000000a0083cb5
:100070000400082500a0093ce8062925030000101b
:1000800000000000000000ad040008252b08090155
:10009000fcff201400000000019d083cc80d08254d
:1000a00009f80001000000000000093c00002925bb
:1000b00010002011000000000200093c000029256a
:1000c00088bf0a3c10204a25000049ad0200093cc7
:1000d0000000292588bf0a3c20204a25000049ada0
:1000e0000200093c0000292588bf0a3c30204a252f
:1000f000000049ad00488040ffff0a2400588a40b4
:100100004000083c00600a4025500a0100608a4017
:10011000c09f093c00102925c000000001788940db
:100120000000093c0100292500000a2444492a7dd9
:1001300001608a408000093c0068894000800840d6
:100140008005097d404c0900006008405800013cd2
:10015000244001012540280100608840c0000000c3
:10016000019d083c9c34082509f8000100000000ae
:1001700000600840bfff013cffff21342440010123
:1001800000608840000084300000a530019d083cdc
:0c019000f41f082508000001000000001a
:020000040000fa
:020000041fc01b
:10038000019d1a3c50235a2708004003000000003a
:020000040000fa
:020000041fc01b
:10118000019d1a3cdcf35a270800400300000000d0
:020000040000fa
:020000041fc01b
:08120000e648400b000000006d
:020000040000fa
:020000041fc01b
:08122000e648400b000000004d
:020000040000fa
:020000041fc01b
:08124000e648400b000000002d
:020000040000fa
:020000041fc01b
:08126000e648400b000000000d
:020000040000fa
:020000041fc01b
:081280008428400b000000006f
:020000040000fa
:020000041fc01b
:0812a000e648400b00000000cd
:020000040000fa
:020000041fc01b
:0812c000e648400b00000000ad
:020000040000fa
:020000041fc01b
:0812e000e648400b000000008d
:020000040000fa
:020000041fc01b
:08130000e648400b000000006c
:020000040000fa
:020000041fc01b
:08132000e648400b000000004c
:020000040000fa
:020000041fc01b
:08134000e648400b000000002c
:020000040000fa
:020000041fc01b
:08136000e648400b000000000c
:020000040000fa
:020000041fc01b
:081380005c2f400b000000008f
:020000040000fa
:020000041fc01b
:0813a000e648400b00000000cc
:020000040000fa
:020000041fc01b
:0813c000e648400b00000000ac
:020000040000fa
:020000041fc01b
:0813e000e648400b000000008c
:020000040000fa
:020000041fc01b
:08140000e648400b000000006b
:020000040000fa
:020000041fc01b
:08142000e648400b000000004b
:020000040000fa
:020000041fc01b
:08144000e648400b000000002b
:020000040000fa
:020000041fc01b
:08146000e648400b000000000b
:020000040000fa
:020000041fc01b
:08148000e648400b00000000eb
:020000040000fa
:020000041fc01b
:0814a000e648400b00000000cb
:020000040000fa
:020000041fc01b
:0814c000e648400b00000000ab
:020000040000fa
:020000041fc01b
:0814e000e648400b000000008b
:020000040000fa
:020000041fc01b
:08150000e648400b000000006a
:020000040000fa
:020000041fc01b
:08152000e648400b000000004a
:020000040000fa
:020000041fc01b
:08154000e648400b000000002a
:020000040000fa
:020000041fc01b
:08156000e648400b000000000a
:020000040000fa
:020000041fc01b
:08158000e648400b00000000ea
:020000040000fa
:020000041fc01b
:0815a000e648400b00000000ca
:020000040000fa
:020000041fc01b
:0815c000e648400b00000000aa
:020000040000fa
:020000041fc01b
:0815e000e648400b000000008a
:020000040000fa
:020000041fc01b
:08160000e648400b0000000069
:020000040000fa
:020000041fc01b
:08162000e648400b0000000049
:020000040000fa
:020000041fc01b
:08164000e648400b0000000029
:020000040000fa
:020000041fc01b
:08166000e648400b0000000009
:020000040000fa
:020000041fc01b
:08168000e648400b00000000e9
:020000040000fa
:020000041fc01b
:0816a000e648400b00000000c9
:020000040000fa
:020000041fc01b
:0816c000e648400b00000000a9
:020000040000fa
:020000041fc01b
:0816e000e648400b0000000089
:020000040000fa
:020000041fc01b
:08170000e648400b0000000068
:020000040000fa
:020000041fc01b
:08172000e648400b0000000048
:020000040000fa
:020000041fc01b
:08174000e648400b0000000028
:020000040000fa
:020000041fc01b
:08176000e648400b0000000008
:020000040000fa
:020000041fc01b
:08178000e648400b00000000e8
:020000040000fa
:020000041fc01b
:0817a0003332400b0000000091
:020000040000fa
:020000041fc01b
:0817c000e648400b00000000a8
:020000040000fa
:020000041fc01b
:0817e000e648400b0000000088
:020000040000fa
:020000041fc01b
:08180000e648400b0000000067
:020000040000fa
:020000041fc01b
:08182000e648400b0000000047
:020000040000fa
:020000041fc01b
:08184000e648400b0000000027
:020000040000fa
:020000041fc01b
:08186000e648400b0000000007
:020000040000fa
:020000041fc01b
:1004800000f89b40c0000000019d1b3ce0237b273f
:10049000020060130000000000c09b4000f81b40f9
:0c04a000c00000001f000042000000002f
:020000040000fa
:020000041d00dd
:1000000098ffbd276400bfaf6000beaf5c00b7af14
:100010005800b6af5400b5af5000b4af4c00b3af0a
:100020004800b2af4400b1af4000b0af21f0800053
:100030002188a0007000a6af3000a0af3400a0afb0
:10004000218000000000248201003226de008010a2
:100050001600a4a325000224e80082140200222630
:1000600021a80000009d033c98006524ffff488004
:10007000e0ff0325ff0063301100642c1f00801097
:10008000ffff5124801803002118a3000000638c97
:100090000800600000000000bc03009dfc00009d03
:1000a000fc00009db003009dfc00009dfc00009d35
:1000b000fc00009dfc00009dfc00009dfc00009ddc
:1000c000fc00009da403009dfc00009d9803009d82
:1000d000fc00009dfc00009ddc00009d0400b53686
:1000e00001004224ffff4880e0ff0325ff0063304a
:1000f0001100642ce3ff8014ffff5124019d043c98
:1001000019e086242110c800000042900200a432a9
:10011000feffa3320ba864000800a432fbffa33249
:100120000400423021282002bb0040100ba86400cc
:10013000212800015000400b2140000021284000f0
:10014000010031260000228240380800c02008004b
:100150002118c200000063902140e4002140050105
:1001600004006330f5ff6014d0ff08252e0003243f
:10017000b0004350010022820010b53621a00000db
:10018000009d053cb401a52410000724008006242e
:10019000ff0043307900642cc40280100100312636
:1001a000801803002118a3000000638c0800600081
:1001b00000000000c803009dac0c009dac0c009d2d
:1001c000ac0c009dac0c009dac0c009dac0c009ddb
:1001d000ac0c009dac0c009dac0c009dac0c009dcb
:1001e000ac0c009dac0c009dac0c009dac0c009dbb
:1001f000ac0c009dac0c009dac0c009dac0c009dab
:10020000ac0c009dac0c009dac0c009dac0c009d9a
:10021000ac0c009dac0c009dac0c009dac0c009d8a
:10022000ac0c009dac0c009dac0c009dac0c009d7a
:10023000ac0c009dac0c009dac0c009dac0c009d6a
:10024000ac0c009dac0c009dac0c009dac0c009d5a
:10025000ac0c009dac0c009dac0c009dac0c009d4a
:10026000ac0c009dac0c009dac0c009dac0c009d3a
:10027000ac0c009dac0c009dac0c009dac0c009d2a
:10028000ac0c009dac0c009dac0c009dac0c009d1a
:10029000ac0c009dac0c009dac0c009dac0c009d0a
:1002a000ac0c009dac0c009dac0c009dac0c009dfa
:1002b000ac0c009dac0c009dac0c009dac0c009dea
:1002c000ac0c009dac0c009d700c009dac0c009d16
:1002d0005c0c009dac0c009dac0c009dac0c009d1a
:1002e000ac0c009d840c009dac0c009dac0c009de2
:1002f000ac0c009dac0c009dac0c009dac0c009daa
:10030000ac0c009dac0c009dac0c009dac0c009d99
:10031000ac0c009d200c009dac0c009dac0c009d15
:10032000ac0c009dac0c009dac0c009dac0c009d79
:10033000ac0c009dac0c009dac0c009dac0c009d69
:10034000c40b009dbc0b009d3c0c009d2c0c009d23
:100350004c0c009dac0c009dbc0b009dac0c009d9a
:10036000ac0c009d840c009dac0c009dac0c009d61
:10037000ac0b009d200c009dac0c009dac0c009db6
:10038000b40a009dac0c009d4009009dac0c009d82
:10039000ac0c009da804009d0800b5363900400b48
:1003a000010042240200b5363900400b010042240e
:1003b0000008b5363900400b010042240100b53673
:1003c0003900400b01004224211000026400bf8f5d
:1003d0006000be8f5c00b78f5800b68f5400b58f99
:1003e0005000b48f4c00b38f4800b28f4400b18fdf
:1003f0004000b08f0800e0036800bd278533400f40
:100400002128c003ffff03240eff43102188400270
:100410001100400b010010262a0002241b000211cb
:100420002e0003242110000153ff4314214000003b
:10043000010022822a0003249b0543100040b536a8
:100440002118c200000063900100312604006330cf
:100450004bff601021a0000040181400c0a0140041
:100460000100312621a0740021a082020000228216
:100470002118c2000000639004006330f6ff60148e
:10048000d0ff94266100400b009d053c7000a78fb3
:100490000000e88c010031260100a2800400e7245e
:1004a0005b00400b7000a7af780002241600a2a3e7
:1004b0008000b5360007a23228014010c000a232e9
:1004c0000010a4321000a23206000324fd034010e5
:1004d0000ba064007000a38f070062240410027c4c
:1004e000080044247000a4af0000458c1800a5af9c
:1004f0000400578c1800a38f212060002128e002ff
:1005000021300000213800005235400f3c00a8afd8
:10051000fd0340043c00a88f1800a38f2120600039
:100520002128e00221300000213800001000a0af97
:100530005235400f3c00a8af000440143c00a88f87
:100540001c00a0af0001a2321a0240140002a23225
:10055000130240141c00a38f1900822a02064014c3
:10056000ff0084321c00a78f0a00e2281700401009
:10057000019d023c1800a38f212060002128e00289
:1005800021300000213800005235400f3c00a8af58
:100590003c00a88fdd0540101800a38f21206000cb
:1005a000f343400f2128e0022190400021b0600079
:1005b00025104300dc0540143c00a88f1c00a38fcd
:1005c00002006228d8054014019d023cf8e8468ce0
:1005d000fce8478c3000a48f3400a58f5235400fc3
:1005e0003c00a8afb40541043c00a88f1c00a48fb8
:1005f000edff89241000a9af212020013c00a8af05
:100600006726400f3800a9af3000a2af3400a3af77
:100610001800a48f3000a68f3400a78fc30e400fa0
:100620002128e00221204000f343400f21286000f0
:100630002190400021b060002000a0af2400a0afb6
:100640003c00a88f3800a98f3606c0120a00422e3f
:10065000019d033c48e863240200022402000a24ae
:1006600014000724212040010400658c2b58c5028a
:100670006f056015213040006a05b6500000658c9a
:1006800001004424211080002024047cf6ff47143c
:10069000080063241600a4a3140006240008a23254
:1006a00021308602ffff53302148c90025109302f4
:1006b00023b809012b1002000300a33223b8e20281
:1006c0002b1803000400a2323b05401023b8e302bc
:1006d0000200a232890540100100a2320100a432ba
:1006e0002d0002242b0003240a1064002120400066
:1006f0008533400f2128c003271002002b10020071
:10070000218002020a00e05a0800b53230000424b9
:100710008533400f2128c003271002002b10020050
:10072000fffff726f9ffe016218002020800b5322c
:10073000ffffb5321800b5af019d153ce301400b3a
:1007400038e8b526c01803002118a3020000668c03
:100750000400678c212040020a11400f2128c002aa
:1007600021204000212860000a000624f10f400fdc
:1007700021380000300044248533400f2128c00375
:10078000271002002b100200218002021600a28313
:10079000ffff4324201c037ceaff40141600a3a3a0
:1007a0001000a28f0c0040181300822a300004248d
:1007b0008533400f2128c003271002002b180200a8
:1007c0001000a28fffff422421800302f7ff401c8c
:1007d0001000a2af1300822a9b0540142014147c41
:1007e000120002241600a2a3eeff94262e00042479
:1007f0008533400f2128c003ffff0324020043106c
:100800001600b583010010266726400f2120a002a4
:1008100021204000212860002000a68f0e1c400fe0
:100820002400a78f21204000f343400f21286000bf
:1008300021404000ffffa2262014027c2700a012c6
:100840001600a2a3019d123c38e8522621a8e0021e
:1008500021b0000121b86000c01002002110420246
:100860000000468c0400478c2120c0020a11400f72
:100870002128e00221204000212860000a000624ef
:10088000f10f400f21380000300044248533400f21
:100890002128c0031600b383271002002b1002008a
:1008a000c0181300211843020000668c0400678cf6
:1008b0002120c0022128e002f10f400f2180020216
:1008c00021b0400021b86000ffff62262014027ca6
:1008d000e1ff60161600a2a321b8a0020a00801250
:1008e0001800a68f300004248533400f2128c00350
:1008f000271002002b100200ffff9426f9ff80163c
:10090000218002021800a68fcffdc0500000248273
:10091000cdfde05a00002482200004248533400fde
:100920002128c003271002002b100200fffff7262a
:10093000f9ffe016218002021200400b0000248221
:10094000750002241600a2a3c000b5360007a2322b
:10095000dcfe40140010a432c000a232cf024014ca
:100960002016157cbd0440047000a78f1000a23231
:100970007d0440107000a48f7000a38f0000628c73
:10098000040063247000a3afc31f020021b0400025
:100990001800a3af21206000070081042348020053
:1009a0002b100900231803000300b53621b02001e5
:1009b000231862001800a3af04008016c000b332f1
:1009c0001800a38f25a0c3020100942e400002242a
:1009d000060262124100622ebd0040148000022413
:1009e0001804621201000224c0000224bb00621637
:1009f0001600b783010002241600a2a31800a48fda
:100a0000520580100a00c22e019d023c48e8422493
:100a100002001724140005241800a68f0400438c3c
:100a20002b20c300ad0080541600b7a39904665074
:100a30000000438c0100f72620bc177cf7ffe51669
:100a400008004224140017242a10f402a6004014bf
:100a50001600a5a32a1097020ba0e20205000011c0
:100a60000040a2320300a2322b10020023400201f8
:100a70000040a232a0004010c408a3322a1088020d
:100a80009c00405423401401c408a33240080224af
:100a90009c006214214000002a10e802a3004014c8
:100aa0000400a232330540100800a2324d03400b6f
:100ab00021b80000730002241600a2a37000a58fc5
:100ac0000000a48c0400a5241005801021b0800033
:100ad00000008280110540507000a5af0100822403
:100ae0002390440001004224ffff4380fdff605437
:100af000239044007000a5af030080120800b532b7
:100b00002b1092020b9082022b9848022340120174
:100b1000ffffb5320a4013000c00a0162198000117
:100b20000a006052ffff1324200004248533400f85
:100b30002128c003271002002b100200ffff73269c
:100b4000f9ff601621800202ffff1324ffff5226e7
:100b5000ffff14240a005412000000000000c482a9
:100b60002128c0038533400f0100d626271002003c
:100b70002b100200ffff5226f8ff541621800202bc
:100b800031fda052000024822efd601220000424ba
:100b90008533400f2128c003271002002b100200cc
:100ba00021800202e202400bffff73266f00022445
:100bb0001600a2a32d01400b4000b5362d01400bbd
:100bc0001600a2a37000a68f0000c38c1000a632ee
:100bd0007000a78f0400e524c3270300002604004b
:100be00002120300251082002024027c3300c01072
:100bf0001600a4a301004224ff0042300200422c50
:100c00002f0040541400a3a31400a4a31500a3a311
:100c1000020012241400b627be02400b7000a5afdc
:100c20001600a2a32c01400b2000b536660002245a
:100c30001600a2a32d01400b0004b5366500022466
:100c40001600a2a32d01400b0001b5366700022457
:100c50001600a2a32d01400b0002b5364700022466
:100c60001600a2a32000b5362d01400b0002b536b8
:100c7000450002241600a2a32000b5362d01400b2a
:100c80000001b5361000a2322120c0000a20e20087
:100c900025a89500ffffb53200002282ff004330f7
:100ca0007900642c3efd8014010031261600a2a3b9
:100cb0001600b627be02400b010012241400a3a3a5
:100cc000010012241400b627be02400b7000a5af2d
:100cd00049ff6012010002241600b7832a10f402b3
:100ce0005dff40102a10970220bc147c9702400b35
:100cf0001600b7a3c408a33240080224e102621020
:100d00002b100800c008a3328008022463ff62147d
:100d10002a10e80203000229feff08250b4002000a
:100d20002a10e8025fff40100400a232490140107f
:100d300023b817010200a2322e0340100100a23294
:100d40000100a4322d0002242b0003240a106400a9
:100d5000212040008533400f2128c00327100200c6
:100d60002b100200218002020a00e0120800a232c9
:100d7000300004248533400f2128c00327100200cf
:100d80002b100200fffff726f9ffe0162180020278
:100d90000800a232ffff4230ae04400b1c00a2af9d
:100da000fcff6228030040142a107400b70240546c
:100db0001c00a38fb1028012211000004002a27e0d
:100dc00023a082021300822e6e044014120002241b
:100dd0001600a2a31800a38f212060002128e002a2
:100de00021300000213800005235400f3c00a8aff0
:100df000050240143c00a88f1800a38f212060003a
:100e0000e842400f2128e0022000a2af019d123ce1
:100e10001000a48f1c00a4af38e852263c00a88f15
:100e2000000aa332000202244c0262101500832a39
:100e300023b81401c6008016fbfff7260008a23273
:100e4000c4004054fffff7260300a2321c00a48f09
:100e5000630083242b100200c700632c23b8e20236
:100e60000100632c0400a232c400401023b8e30246
:100e70000200a2324c0340100100a2320100a43251
:100e80002d0002242b0003240a10640021204000be
:100e90008533400f2128c003271002002b100200c9
:100ea000218002020a00e01a0800b6323000042451
:100eb0008533400f2128c003271002002b100200a9
:100ec000fffff726f9ffe016218002020800b63284
:100ed000ffffd6321800b6af1600a2832000a48f01
:100ee00021280000c0100200211042020000468ca0
:100ef0000a11400f0400478c300044248533400f12
:100f00002128c0031600a383271002002b10020023
:100f1000c0180300211843020000668c0400678c8f
:100f20002000a48f21280000f10f400f2180020231
:100f300021b0400004008016219860000008a23211
:100f4000430040502000b5322e0004248533400f6a
:100f50002128c0031600a5832000a5af271002009a
:100f60002b100200ffffa4242024047c2180020215
:100f70002a00a0101600a4a30002a232ffff4830ee
:100f80002800b4af1c00b1af21a0c00221b0000105
:100f900021886002219840020300c01225109102ae
:100fa000f90240501c00b18fc020040021206402cf
:100fb0000000868c0400878c212080020a11400fdb
:100fc00021282002300044248533400f2128c0030b
:100fd0001600b283271002002b100200c018120066
:100fe000211863020000668c0400678c21208002b7
:100ff00021282002f10f400f21800202ffff44262a
:101000002024047c21a0400021886000e2ff4016db
:101010001600a4a32800b48f1c00b18f2000a68f57
:1010200023a086020a0080522000b532300004243a
:101030008533400f2128c003271002002b10020027
:10104000ffff9426f9ff8016218002022000b532ae
:101050000200a01645000424650004248533400fd7
:101060002128c003271002002b1002002180020259
:101070001000a28fae0240042b0004248533400fe1
:101080002128c003271002002b1002002180020239
:101090001000a28f640043288b026010eb51123cb9
:1010a0006666123c67665226180052001020000047
:1010b000c31702002128c0038320040023208200dc
:1010c0008533400f300084241000a38f27100200c6
:1010d0002b3002001800720010100000c32703001c
:1010e0002128c0032180060283100200231044003f
:1010f00040200200c0100200211082002320620064
:101100008533400f30008424271002002b1002008a
:10111000218002021800a28fcbfb405000002482e5
:10112000c9fbe05a00002482200004248533400fcc
:101130002128c003271002002b100200fffff72612
:10114000f9ffe016218002021200400b0000248209
:10115000fffff7260300a2321c00a48f6300832444
:101160002b100200c700632c23b8e2020100632c9d
:101170000400a2323eff401423b8e3020800b63256
:10118000ffffd6320b00c0161800b6af0a00e01af7
:101190000200a232200004248533400f2128c0031e
:1011a000271002002b100200fffff726f9ffe016c0
:1011b000218002020200a232770240100100a23216
:1011c0000100a4322d0002242b0003240a10640025
:1011d000212040008533400f2128c0032710020042
:1011e0002b100200b603400b2180020201000224f2
:1011f0001600a2a31800a68f5003c0100800c22e2c
:1012000003000324020017244000042421100000de
:1012100016000a241800a68f2b28c200affea05487
:101220001600b7a3a00246102b28c40201006924af
:10123000423f0400c028020020bc037cff00233191
:101240002510e500f4ff6a14c02004003703400baa
:101250001600b7a30800a232ffff42300300e012dd
:101260001c00a2af60004010200004240200a23243
:10127000dc0140100100a2320100a4322d00022442
:101280002b0003240a106400212040008533400f06
:101290002128c003271002002b1002002180020227
:1012a000c008a23240080324f70243108008032438
:1012b0000103431030000424ffff8426019d123ceb
:1012c000c010040038e85226404004002000a33239
:1012d0002190420280a0040021a804011800a78fd9
:1012e00040400700ffff63302000a3af2800b7afe6
:1012f00021b880022c00b1af2188a00221a8600291
:101300002198e000fdff02241600221221a0000116
:10131000400002245600a2124100a22e21004014d7
:10132000800002244100a21227181700c0000224e6
:101330001f00a2520000468e1600a4838533400f82
:101340002128c003271002002b1002002180020276
:10135000f8ff5226fdff3126fdff0224ecff221686
:10136000fcfff7262800b78f1c00a68f35fbc010a6
:101370002c00b18f34fbe05a0000248220000424aa
:101380008533400f2128c003271002002b100200d4
:10139000fffff726f9ffe016218002021200400b42
:1013a00000002482e5ffa0561600a4830000468eac
:1013b0000400478e2120c0020a11400f212860023c
:1013c00021204000212860000a000624f10f400f70
:1013d00021380000300042242024027ccf04400b3e
:1013e0001600a4a3200004248533400f2128c00345
:1013f000271002002b100200fffff7269bffe012d0
:1014000021800202200004248533400f2128c003dc
:10141000271002002b100200fffff726f1ffe01655
:10142000218002029c04400b0200a23204187400c6
:101430000610f6022000e632251062000628f302ac
:10144000019d043c10e88324019d073c24e8e4242a
:101450000b10a6002000a58f0a1885000f0042304f
:101460002118620000006480cf04400b1600a4a382
:1014700027101100041054000620360220002332e9
:1014800025204400061033020b204300070084305f
:1014900030008424cf04400b1600a4a3e6014004ce
:1014a0001000a232ab0140107000a28f7000a78f15
:1014b0000000f68c1800a0af0400e7246e02400b79
:1014c0007000a7af7000a68f0700c2240410027c32
:1014d0000000478c1800a7af0400578c0800422476
:1014e0007000a2af1800a38f212060002128e00225
:1014f00021300000213800005235400f3c00a8afd9
:1015000005fc41043c00a88f0080023c26b8e202a2
:101510000300b5361800a38f212060002128e002c7
:1015200021300000213800001000a0af5235400fdc
:101530003c00a8af02fc40103c00a88f1800a38f0d
:10154000212060002128e0028d40400f1000a627d6
:101550001000a28fffff42244018020021106200f9
:101560006666123c67665226180052001090000012
:10157000c317020083901200239042023a024006f1
:101580003c00a88f1000b2af232012006726400f46
:101590003c00a8af21204000212860001800a38f44
:1015a000213060000e1c400f2138e0023000a2af55
:1015b0003400a3af019d023ce0e8468ce4e8478c90
:1015c0003000a48f5235400f3400a58f280240040c
:1015d0003c00a88f019d023ce8e8448cece8458c77
:1015e0003000a68f3400a78f5235400f3c00a8afc3
:1015f0000300401c3c00a88f010052261000b2af2f
:101600005101400b1c00b2af1600b6831c00a58f21
:101610002320b6006726400f3c00a8af1800a68f15
:101620002120c0002128e00221304000c30e400fdd
:10163000213860002198400021906000211840006e
:1016400021206000e842400f212840022120400074
:101650000949400f3800a2af212060022128400232
:10166000213040002012400f21386000019d063ccf
:10167000d8e8c6240000c48c0400c58c213040008a
:10168000213860001800b3af5235400f21b8400236
:101690003c00a88f3e01401c3800a98f019d023cf0
:1016a000d8e8468cdce8478c212060022212400feb
:1016b0002128400221204000212860001800a2af0c
:1016c000e842400f21b860003c00a88f019d123c09
:1016d0000100c326c018030038e85226211843022f
:1016e0000400648c590080142000a2af0000638cb9
:1016f0002b18430056006014c01816001800a28f63
:10170000212040002128e002019d033cf0e86324f1
:101710000000668c0400678c0e1c400f3c00a8afd4
:1017200021204000212860001c00a68f0100d62443
:101730001800a2af21b860001000b6afe842400f19
:101740001c00b6af2000a2af000aa33200020224a0
:10175000b7fd62143c00a88f1500832a14000224f0
:101760002000a78f2500e0100aa043002120e00000
:10177000212800000a00062421380000f10f400f44
:101780003c00a8af251043001c0040143c00a88f6b
:101790002000b38f21b000002800b0af2180c0022c
:1017a00021b06002f205400b219800012120400089
:1017b0000a000624f10f400f2138000025104300d5
:1017c0000d004014214060022120c00221280002a7
:1017d0000a0006240a11400f213800002128600069
:1017e00025206200ffff942621b04000efff801407
:1017f00021806000214060022800b08f1600a48381
:101800002a1084028bfd405023b814012320940039
:101810006726400f3c00a8af1800a68f2120c0000b
:101820002128e0022130400021386000c30e400f23
:101830001600b4a321204000e842400f2128600098
:101840002000a2af8c03400b3c00a88fc0181600ec
:10185000211843020400648c1b0180541800a28fdd
:101860000000638c2b104300170140141800a28f56
:101870001000a78f8803400b1c00a7af7503400b17
:101880001600a2a3a602400b2340020199016004a6
:101890001800a38f212060002128e002f343400fad
:1018a0003c00a8af2150400021b06000251043004b
:1018b000ae0140103c00a88f019d033c40e863242a
:1018c00001000224140007240400648c2b28c402a5
:1018d0000700a01421304000720196500000648c73
:1018e00001004224f8ff4714080063241400062472
:1018f00023a086021900822a27014014ff008432a7
:10190000212080023c00a8af6726400f3800aaaf14
:1019100021904000219860003800aa8f21204001ca
:101920004347400f2128c0021800a78f2120e00064
:101930002128e002213040002012400f21386000b1
:101940002120400021286000213040020e1c400f61
:101950002138600221204000f343400f212860001d
:1019600021904000219860003c00a88f2120400277
:10197000212860020a00062421380000f10f400fe0
:101980003c00a8af25104300f6fa40143c00a88f95
:101990006e06400b21b0000121204000212860008c
:1019a0000a000624f10f400f2138000025104300e3
:1019b000ecfa40142140c00221204002212860029c
:1019c0000a000624213800000a11400fffff942668
:1019d00021904000f0ff8016219860005901400bd3
:1019e0002140c0022ffe4010c008a232a304400bc9
:1019f0002000042422014014c008a33280080224dd
:101a0000d9fc6214300004248533400f2128c00320
:101a1000271002002000a5322b10020058000324da
:101a2000780004240b2065002128c0038533400f73
:101a300021800202271002002b1002005a03400be3
:101a4000218002021600a2a31800a58f4301a01056
:101a50001000c22e030003240200172400010424f6
:101a60002110000011000a241800a68f2b28c200a4
:101a70009afca0541600b7a3820046102b28c4027b
:101a800001006924023f04000029020020bc037cfd
:101a9000ff0023312510e500f4ff6a140021040043
:101aa0003703400b1600b7a37000a28f0000548cc0
:101ab000020022827000a38f040063247000a3af91
:101ac0006000400b020031261f855236180052007c
:101ad00010200000c31702002128c0034321040086
:101ae000232082008533400f300084241000a38f10
:101af000271002002b28020018007200102000009e
:101b0000c317030021800502432104002310820033
:101b100080200200001102002110820080200200bb
:101b200021104400231062002804400b1000a2afd3
:101b3000231002002d0004242128c0038533400f08
:101b40001000a2af271002002b1002002404400b4b
:101b5000218002020000568c1800a0af040042242d
:101b60006e02400b7000a2af0000828c040084243f
:101b70007000a4afc31f020021b040001800a3af43
:101b80006602400b212060001304400b1600a0a346
:101b9000b305400b21102001d0fc40101600a28399
:101ba0007504400b20000424befc401020000424d7
:101bb000a403400b000000000800a232ffff4230e7
:101bc0000b0040141800a2af0a00e01a0200a23273
:101bd000200004248533400f2128c0032710020071
:101be0002b100200fffff726f9ffe016218002020a
:101bf0000200a2328f0040140100a4320100b5326d
:101c0000cefaa052019d153c200004248533400fdc
:101c10002128c003271002002b100200ce01400b28
:101c2000218002022b28450296faa050010044248c
:101c3000a701400b1600a4a37000a58f0700a224e3
:101c40000410027c080046247000a6af0000568ce9
:101c50000400428c6e02400b1800a2af0700e32480
:101c60000410037c0400648c0000628c0800632470
:101c70007000a3af2118800021b040006602400b25
:101c80001800a4af7fffa010010069243703400ba8
:101c90001600b7a32b18c30267fb60500100f7269c
:101ca0003703400b1600b7a361fda01001006924a3
:101cb0003703400b1600b7a31c00a58feeffa92425
:101cc0007e01400b1000a9af212040002128e00236
:101cd000019d023ce8e842240000468c0400478c49
:101ce0000e1c400f3c00a8af2120400021286000be
:101cf0001c00a68fcc05400bffffd62481fa4010b4
:101d000020000424bc01400b0000000021206000e2
:101d10002128e002f343400f3c00a8af219040008f
:101d200021b060003c00a88f212040022128c00281
:101d30004347400f3c00a8af1800a68f2120c000e9
:101d40002128e002213040002012400f213860009d
:101d50002000a2af2400a3af1000a0af21480000d4
:101d60009201400b3c00a88fda2a400f3c00a8af3c
:101d70001800a68f2120c0002128e0022130400059
:101d80002212400f213860001800a2af21b8600075
:101d90005901400b3c00a88f3c00a8afda2a400f45
:101da0003800aaaf1800a68f2120c0002128e00229
:101db000213040002212400f213860001800a2afed
:101dc00021b860006726400f21208002219040004a
:101dd000219860003800aa8f212040014347400f1e
:101de0002128c0021800a78f2120e0002128e0024e
:101df000213040002012400f213860002120400097
:101e000021286000213040020e1c400f2138600262
:101e100021204000f343400f212860002190400022
:101e200021986000d1fe80163c00a88f5a01400b1b
:101e30001c00a78f2b0002242d0003240b1064002c
:101e40000307400b212040001600a2a367fa4014ac
:101e500023a0820266fa60162e000424ffff0224eb
:101e60003702400b1600a2a36105400bffff52266c
:101e7000ffff52261000b2af5101400b1c00b2af61
:101e80005503400b20000424300004248533400f08
:101e90002128c003271002002b100200ae04400bc3
:101ea000218002022b2044018efe8010010042247a
:101eb0003d06400b23a086028533400f2128c00336
:101ec000271002002000a5322b1002005800032426
:101ed000780004240b2065002128c0038533400fbf
:101ee00021800202271002002b100200ae04400bda
:101ef00021800202212060002128e0021c00a68f20
:101f0000271006002706400b21a08202019d093cf4
:101f100008e83625b402400b2120c002be02400b67
:101f200021900000cbf94010019d033c01000224e8
:101f30001600a2a3a701400b01000624b1fc40102b
:101f4000030003243703400b01001724affa4010ad
:101f5000019d023c3703400b01001724befe4010d8
:101f6000030003243703400b010017243c06400bf9
:101f700021300000ffff42301c00a2af9b04400b49
:101f800021b800002014147c7503400b1600a2a396
:020000040000fa
:020000041d00dd
:101f9000a8ffbd275400bfaf5000beaf21f0a00383
:101fa0005800c4af1000c0a34000c0a31800c0afc9
:101fb0004800c0af1c00c0af4c00c0af5800c28f7b
:101fc0002000428c2400c2af2400c48f08000524e6
:101fd000cd4c400f00000000280040100000000021
:101fe0002400c48f08000524d14c400f00000000dd
:101ff00022004010000000002400c48f0f4d400f4d
:102000000000000008004010000000005800c28fcf
:1020100001000324020043a0080002241800c2affc
:102020000e08400b000000005800c28f020040a0c4
:10203000090002241800c2af5800c28f1000428c61
:102040000a004010000000005800c28f1000428caf
:102050005800c38f0c00638c212060001800c58fce
:102060002130000009f84000000000002400c48f67
:10207000080005240c4d400f000000005800c28fde
:102080000200429001004238ff0042300700401435
:10209000000000005800c28f030042900100423847
:1020a000ff0042300f004010000000002400c48fe9
:1020b000ff000524154d400f000000002400c48fd0
:1020c000ff000524124d400f000000002400c48fc3
:1020d000f50005240c4d400f00000000ba0a400b2b
:1020e000000000002400c48f10000524cd4c400fd8
:1020f000000000001e004010000000002400c48ffb
:1021000010000524d14c400f0000000018004010c2
:10211000000000002400c48f100005240c4d400f67
:10212000000000002400c48f10000524e64b400f7f
:10213000000000005800c28f040040a05800c28f69
:102140001000428c0a004010000000005800c28fae
:102150001000428c5800c38f0c00638c212060005b
:10216000030005242130000009f8400000000000b1
:102170002400c48f20000524d54c400f000000002f
:102180001e004010000000002400c48f2000052421
:10219000d94c400f00000000180040100000000063
:1021a0005800c28f040040a05800c28f1000428c1b
:1021b0000a004010000000005800c28f1000428c3e
:1021c0005800c38f0c00638c21206000030005249d
:1021d0002130000009f84000000000002400c48ff6
:1021e00020000524124d400f000000002400c48f81
:1021f00020000524f24b400f000000002400c48f93
:1022000001000524d54c400f00000000480040109c
:10221000000000002400c48f01000524d94c400fa9
:102220000000000042004010000000005800c28f73
:10223000040040a02400c48f20000524124d400f4c
:10224000000000002400c48f10000524124d400f30
:10225000000000001400c0afac08400b00000000fc
:102260005800c28f2c00438c1400c28f4011020012
:10227000211062002800c2af2800c28f000040accd
:102280002800c28f08004224000040ac2800c28f02
:1022900010004224000040ac2800c28f18004224e5
:1022a000000040ac1400c28f010042241400c2aff1
:1022b0001400c28f03004228e9ff40140000000010
:1022c0002400c48fa94b400f000000005800c28fab
:1022d000180040ac5800c28f1c0040ac2400c48fd2
:1022e00021280000604c400f000000005800c28f01
:1022f0001000428c0a004010000000005800c28ffd
:102300001000428c5800c38f0c00638c21206000a9
:10231000020005242130000009f840000000000000
:102320002400c48f01000524124d400f000000005e
:102330002400c48f10000524d54c400f000000007d
:1023400023004010000000002400c48f100005246a
:10235000d94c400f000000001d004010000000009c
:102360005800c28f1000428c0a004010000000008c
:102370005800c28f1000428c5800c38f0c00638c31
:1023800021206000040005242130000009f84000ed
:10239000000000002400c48f10000524124d400fdf
:1023a000000000002400c48f10000524424c400fa0
:1023b000000000002400c48f20000524474c400f7b
:1023c000000000005800c28f01000324040043a055
:1023d0002400c48f04000524d54c400f00000000e9
:1023e00018004010000000002400c48f04000524e1
:1023f000d94c400f00000000120040100000000007
:102400005800c28f1000428c0a00401000000000eb
:102410005800c28f1000428c5800c38f0c00638c90
:1024200021206000070005242130000009f8400049
:10243000000000002400c48f04000524124d400f4a
:10244000000000002400c48f80000524d54c400ffc
:102450000000000030004010000000002400c48f85
:1024600080000524d94c400f000000002a004010d5
:10247000000000002000c0af3109400b0000000048
:102480002000c28fff0042302400c48f212840006a
:10249000044c400f00000000070040100000000046
:1024a0002000c28fff0042302400c48f212840004a
:1024b000b14b400f000000002000c28f01004224f9
:1024c0002000c2af2000c28f0300422cecff40145a
:1024d000000000005800c28f1000428c0a0040101b
:1024e000000000005800c28f1000428c5800c38fbb
:1024f0000c00638c212060000600052421300000c0
:1025000009f84000000000002400c48f800005246a
:10251000124d400f000000002400c48f020005246b
:10252000d54c400f000000002300401000000000c8
:102530002400c48f02000524d94c400f0000000085
:102540001d004010000000002400c48f184d400ff3
:10255000000000004400c2af4400c28f2400c48fba
:1025600021284000154d400f000000002400c48fba
:1025700002000524124d400f000000005800c28fd9
:102580001000428c0c004010000000005800c28f68
:102590001000428c5800c38f0c00648c4400c32789
:1025a000010005242130600009f84000000000000f
:1025b000b40a400b00000000b40a400b0000000009
:1025c0004c00c5274800c3274000c2272400c48f01
:1025d0002130600021384000354b400f00000000e2
:1025e0002400c48f08000524124d400f0000000095
:1025f0004800c28f050040140000000001000224c2
:102600001c00c2af8409400b000000001c00c0afda
:102610004000c29301000324041043002c00c2af09
:102620004c00c28f16004014000000001c00c38f35
:102630000100022409006214000000005800c28f4b
:102640001800438c2c00c28f251862005800c28fde
:10265000180043acb309400b000000005800c28fc3
:102660001800438c2c00c28f27100200241862002f
:102670005800c28f180043acb309400b00000000a3
:102680001c00c38f01000224090062140000000036
:102690005800c28f1c00438c2c00c28f251862008a
:1026a0005800c28f1c0043acb309400b000000006f
:1026b0005800c28f1c00438c2c00c28f27100200d0
:1026c000241862005800c28f1c0043ac5800c28f0f
:1026d0003400438c4000c29340100200212040008f
:1026e0004c00c28f21108200c01002008020020026
:1026f00023108200211062003000c2af3000c28f70
:102700000000428c3400c2af5800c28f2c00438cb2
:102710004000c29340110200212040004c00c28fb3
:102720000011020021108200211062002800c2afb7
:102730004800c28fc01002002800c38f2110620021
:102740003800c2af3400c28fe1004010000000002a
:102750001100c0a33800c28f000042903c004230fc
:10276000240003246d004310000000003400032403
:102770000600431000000000040003241f00431063
:1027800000000000810a400b000000003400c28fee
:1027900002000324080043ac3800c28f0400438cbd
:1027a0003400c28f040043ac2800c28f10004224c2
:1027b0003c00c2af3c00c28f000040a03c00c28f72
:1027c000080042243c00c2af3c00c28f000040a081
:1027d0003000c28f18004224010003240c0043acd7
:1027e0002400c48f514c400f00000000010002245f
:1027f0001100c2a3810a400b000000003400c28f08
:102800002000438c3800c28f0200429421186200dd
:102810003400c28f200043ac3400c28f0800438cc8
:10282000feff02240e006214000000003400c28f7c
:102830000c00428c06004010000000003400c28fe3
:102840000c00428c3400c48f09f8400000000000e6
:10285000010002241100c2a3450a400b0000000041
:102860003800c28f020043943000c28f04004294ab
:102870002b10620008004014000000003400c28fda
:102880002000438c3400c28f0400428c2b10620065
:1028900017004014000000003400c28f2000438c59
:1028a0003400c28f0400428c2b10620005004014db
:1028b000000000003400c28f080040ac340a400b16
:1028c000000000003400c28f01000324080043ac64
:1028d0003400c28f2000438c3400c28f040043ac0c
:1028e000010002241100c2a3450a400b00000000b1
:1028f0004c00c28f2800c48f3000c58f3400c68fb3
:1029000021384000672a400f00000000810a400b78
:1029100000000000810a400b000000003400c28f5c
:102920000800438cfeff02240e0062140000000029
:102930003400c28f0c00428c0600401000000000e2
:102940003400c28f0c00428c3400c48f09f8400060
:1029500000000000010002241100c2a3800a400b05
:10296000000000003400c28f2000428c1b00401485
:10297000000000003400c28f1000428c8000423002
:1029800010004010000000003400c28f1000428c84
:102990007fff0424241844003400c28f100043ac8d
:1029a0004c00c28f2800c48f3000c58f3400c68f02
:1029b00021384000672a400f00000000800a400bc9
:1029c000000000003400c28f080040ac0100022467
:1029d0001100c2a3800a400b000000004c00c28f0f
:1029e0002800c48f3000c58f3400c68f21384000c6
:1029f000672a400f00000000800a400b0000000022
:102a0000000000003800c28f000040a01100c293f7
:102a10002f004010000000003400c28f1800438ccb
:102a20003000c28f000043ac3000c28f0000428ce7
:102a30000300401400000000010002241000c2a3a3
:102a40003400c28f0c00428c0b00401000000000cc
:102a50003400c28f0800438cfeff0224060062107f
:102a6000000000003400c28f0c00428c3400c48f80
:102a700009f84000000000003000c28f0000428cc6
:102a800013004010000000001000c2930100423803
:102a9000ff0042300e004010000000003000c28fe6
:102aa0000000428c04000324080043ac3000c28fb5
:102ab0000000438c4c00c28f2800c48f3000c58fab
:102ac0002130600021384000672a400f00000000dc
:102ad0002400c48f08000524d54c400f00000000de
:102ae000b7fe40140000000021e8c0035400bf8f6f
:102af0005000be8f5800bd270800e0030000000012
:020000040000fa
:020000041d00dd
:102b0000e8ffbd271400bfaf1000beaf21f0a00347
:102b10001800c4af2110a0001c00c2a3398082930a
:102b200008004014000000001800c48f0739400f4f
:102b3000000000003980829301004224ff004230ef
:102b4000398082a338808293010003245c00431003
:102b50000000000002000324640143100000000094
:102b6000e801401400000000be49400f00000000d2
:102b70000e004010000000006e4a400f00000000f0
:102b80003a8082930300422c0700401000000000ae
:102b90003a80829301004224ff0042303a8082a3af
:102ba000eb0a400b000000003a8080a3cb49400fa5
:102bb000000000000e00401000000000794a400fa5
:102bc000000000003a8082930700401000000000df
:102bd0003a808293ffff4224ff0042303a8082a372
:102be000fc0a400b00000000030002243a8082a38c
:102bf000d849400f000000001800401000000000fd
:102c0000844a400f0000000001000224388082a3a3
:102c10001800c28f0000438c00a0023c140943ac92
:102c20001800c28f0400438400a0023c140942240f
:102c3000040043a41800c28f0600438400a0023c95
:102c400014094224060043a41800c28f08004384dc
:102c500000a0023c14094224080043a4f249400f9a
:102c6000000000000500401400000000ff49400f74
:102c7000000000001000401000000000a54a400fb6
:102c8000000000009a4a400f000000004c4a400f2c
:102c9000000000001c00c29301004238ff004230d7
:102ca000050040100000000002000224388082a3ca
:102cb000c10c400b00000000c10c400b00000000e4
:102cc000e549400f00000000040040100000000033
:102cd0008f4a400f00000000388080a3be49400f9b
:102ce000000000006c004010000000006e4a400f21
:102cf000000000003a80829301000324200043106a
:102d000000000000020043280500601000000000e1
:102d10000b00401000000000a60b400b000000005c
:102d200002000324350043100000000003000324c8
:102d30004600431000000000a60b400b00000000fe
:102d400000a0023c1409428c0300422c08004010f1
:102d50000000000000a0023c1409428c0100432442
:102d600000a0023c140943aca60b400b000000007d
:102d700000a0023c140940aca60b400b0000000070
:102d800000a0023c1409422404004284d0074228d7
:102d90000d0040100000000000a0023c1409422475
:102da00004004284ffff423014004224ffff4230ff
:102db000201e027c00a0023c14094224040043a40b
:102dc0007d0b400b0000000000a0023c14094224cf
:102dd00004004384d00702240600621400000000af
:102de00000a0023c14094224040040a4a60b400b9e
:102df00000000000a60b400b0000000000a0023cf9
:102e00001409422406004284102742280d00401075
:102e10000000000000a0023c140942240600428485
:102e2000ffff423064004224ffff4230201e027c3c
:102e300000a0023c14094224060043a4a60b400b48
:102e400000000000a60b400b0000000000a0023ca8
:102e50001409422408004284881342280d004010bf
:102e60000000000000a0023c140942240800428433
:102e7000ffff423064004224ffff4230201e027cec
:102e800000a0023c14094224080043a4a50b400bf7
:102e90000000000000000000cb49400f00000000cf
:102ea0006c00401000000000794a400f0000000054
:102eb0003a808293010003242000431000000000a8
:102ec0000200432805006010000000000b004010c5
:102ed00000000000150c400b00000000020003245d
:102ee0003500431000000000030003244600431097
:102ef00000000000150c400b0000000000a0023c88
:102f00001409428c080040100000000000a0023ca0
:102f10001409428cffff432400a0023c140943ac77
:102f2000150c400b0000000000a0023c030003242d
:102f3000140943ac150c400b0000000000a0023c3b
:102f40001409422404004284150042280d00401454
:102f50000000000000a0023c140942240400428446
:102f6000ffff4230ecff4224ffff4230201e027c74
:102f700000a0023c14094224040043a4ec0b400bc3
:102f80000000000000a0023c140942240400428416
:102f9000070040140000000000a0023c1409422475
:102fa000d0070324040043a4150c400b00000000cc
:102fb000150c400b0000000000a0023c1409422444
:102fc00006004284640042280d0040140000000006
:102fd00000a0023c1409422406004284ffff423054
:102fe0009cff4224ffff4230201e027c00a0023cd6
:102ff00014094224060043a4150c400b00000000f5
:10300000150c400b0000000000a0023c14094224f3
:103010000800428479ec42280d00401400000000b2
:1030200000a0023c1409422408004284ffff423001
:103030009cff4224ffff4230201e027c00a0023c85
:1030400014094224080043a4140c400b00000000a3
:1030500000000000d849400f00000000210040108f
:1030600000000000844a400f00000000388080a368
:1030700000a0023c1409438c1800c28f000043ac2e
:1030800000a0023c14094224040043841800c28fab
:10309000040043a400a0023c140942240600438417
:1030a0001800c28f060043a400a0023c1409422469
:1030b000080043841800c28f080043a400a0023c0b
:1030c00014094424513c400f0000000000a0023cc1
:1030d000140944244445400f00000000c10c400b7b
:1030e00000000000c10c400b000000003b808293f8
:1030f00001004238ff0042301f0040100000000075
:10310000010002243b8082a3010004247e41400f81
:1031100000000000020004247e41400f0000000077
:10312000030004247e41400f00000000040004243a
:103130007e41400f0000000004000424020005242a
:103140002e43400f00000000019d023c64da44243d
:103150003a46400f00000000040004240300052448
:103160002e43400f00000000019d023c74da44240d
:103170003a46400f000000001c00c2930100423894
:10318000ff0042304a00401000000000ff49400f9d
:10319000000000001700401000000000a54a400f8a
:1031a00000000000030004247e41400f00000000e6
:1031b00002000424020005242e43400f00000000fa
:1031c000019d023c84da44243a46400f000000008e
:1031d0001800c48f2128000010000624bb2f400fc8
:1031e00000000000010002243c8082a3aa0c400bd6
:1031f00000000000cb49400f000000001100401407
:1032000000000000d849400f000000000d004014ed
:1032100000000000be49400f0000000009004014fb
:1032200000000000e549400f0000000005004014c8
:1032300000000000f249400f000000001a0040109a
:1032400000000000844a400f00000000794a400f4f
:10325000000000006e4a400f000000008f4a400f3f
:10326000000000009a4a400f000000000300042400
:103270007e41400f000000000100042402000524ec
:103280002e43400f00000000019d023c94da4424cc
:103290003a46400f00000000010002243c8082a357
:1032a000c10c400b00000000c10c400b00000000ee
:1032b0001c00c2931300401000000000030004240f
:1032c0007e41400f0000000002000424020005249b
:1032d0002e43400f00000000019d023c84da44248c
:1032e0003a46400f000000001800c48f212800005b
:1032f00010000624bb2f400f000000000100022434
:103300003c8082a33c8082930f00401000000000ac
:103310003d808293c800422c07004014000000004a
:10332000388080a33d8080a33b8080a33c8080a325
:10333000d20c400b000000003d808293010042242b
:10334000ff0042303d8082a31c00c2933700401032
:10335000000000001800c28f0000438c00a0023c57
:103360001409428c16006214000000001800c28f7d
:103370000400438400a0023c140942240400428457
:103380000f006214000000001800c28f0600438482
:1033900000a0023c14094224060042840800621482
:1033a000000000001800c28f0800438400a0023c07
:1033b00014094224080042841c006210000000002e
:1033c0001800c28f0000438c00a0023c140943acdb
:1033d0001800c28f0400438400a0023c1409422458
:1033e000040043a41800c28f0600438400a0023cde
:1033f00014094224060043a41800c28f0800438425
:1034000000a0023c14094224080043a400a0023c8e
:1034100014094424513c400f0000000000a0023c6d
:10342000140944244445400f000000003880829372
:103430000500401000000000388083930100022442
:1034400050006214000000001c00c2931b004010da
:103450000000000001000224408082af290d400bd3
:10346000000000004080828fff00423001000424f1
:10347000212840002e43400f00000000019d023c27
:10348000a8da44243a46400f000000001800c48f18
:103490004639400f000000004080828f0100422426
:1034a000408082af4080828f05004228edff4014ab
:1034b00000000000610d400b00000000010002242c
:1034c000408082af400d400b000000004080828fa2
:1034d000ff00423001000424212840002e43400f09
:1034e00000000000019d023cacda44243a46400f43
:1034f000000000004080828f01004224408082afa3
:103500004080828f05004228f0ff40140000000038
:103510003a80829301004224ff00423001000424db
:10352000212840002e43400f000000003880829385
:103530000800401400000000019d023cb0da442461
:103540003a46400f000000001800c48f4639400f73
:1035500000000000388083930100022409006214f7
:1035600000000000019d023cb4da44243a46400fba
:103570000000000000a0023c140944244639400f1a
:103580000000000021e8c0031400bf8f1000be8fb0
:0c3590001800bd270800e0030000000048
:020000040000fa
:020000041d00dd
:10359c00c8ffbd273400bfaf3000beaf21f0a00381
:1035ac003800c4af3c00c5af4000c6af1100c0a38b
:1035bc001200c0a31300c0a31400c0a31500c0a325
:1035cc001800c0a31600c0a31700c0a31c00c0aff6
:1035dc003800c28f000043802100022419006214bd
:1035ec00000000001000c0a38b0d400b0000000079
:1035fc001000c2933800c38f21106200000043807a
:10360c0023000224030062140000000001000224c5
:10361c001100c2a31000c293010042241000c2a3e7
:10362c001000c39300a0023ca00442243400428c3e
:10363c002b104300eeff4010000000009c0d400bcf
:10364c000000000001000424040005242e43400f58
:10365c0000000000019d023ce4ea44243a46400f7d
:10366c00000000001100c393010002241501621434
:10367c00000000001100c0a31000c0a3fc0d400b03
:10368c00000000001000c2933800c38f21106200ac
:10369c00000043805300022411006214000000005b
:1036ac001700c29301004238ff0042300c0040105a
:1036bc00000000001000c293020042241200c2a3ba
:1036cc00010002241700c2a31000c2933800c38f5c
:1036dc0021106200000040a0f90d400b000000001a
:1036ec001000c2933800c38f211062000000438089
:1036fc00460002240a006214000000001000c2936d
:10370c00020042241300c2a31000c2933800c38fde
:10371c0021106200000040a0f90d400b00000000d9
:10372c001000c2933800c38f211062000000438048
:10373c00410002240a006214000000001000c29331
:10374c00020042241400c2a31000c2933800c38f9d
:10375c0021106200000040a0f90d400b0000000099
:10376c001000c2933800c38f211062000000438008
:10377c004f0002240a006214000000001000c293e3
:10378c00020042241500c2a31000c2933800c38f5c
:10379c0021106200000040a0f90d400b0000000059
:1037ac001000c2933800c38f2110620000004380c8
:1037bc005700022408006214000000001000c2939d
:1037cc00020042241600c2a31000c2933800c38f1b
:1037dc0021106200000040a01000c293010042249e
:1037ec001000c2a31000c39300a0023ca00442240a
:1037fc003400428c2b104300a2ff4010000000004c
:10380c001200c2933800c38f211062000000428066
:10381c00440003241d004310000000004500432811
:10382c000600601000000000430003241200431047
:10383c00000000002b0e400b00000000530003247e
:10384c00090043100000000054000324140043142a
:10385c00000000003c00c28f01000324000043acb8
:10386c00300e400b000000003c00c28f000040ac4a
:10387c00300e400b000000003c00c28f03000324fc
:10388c00000043ac300e400b000000003c00c28f27
:10389c0002000324000043ac300e400b000000007b
:1038ac008c808293010003240400627c8c8082a3b0
:1038bc00000000001300c2933800c38f2110620077
:1038cc00212040006340400f000000001c00c2afec
:1038dc001c00c28fd10742280a00401400000000cf
:1038ec003c00c28fd0070324040043a48c80829335
:1038fc00010003244429627c8c8082a3550e400b6a
:10390c00000000001c00c28f140042280a00401066
:10391c00000000003c00c28f14000324040043a4e8
:10392c008c808293010003248431627c8c8082a37e
:10393c00550e400b000000001c00c28f201e027ca4
:10394c003c00c28f040043a41400c2933800c38f00
:10395c0021106200212040006340400f0000000055
:10396c001c00c2af1c00c28f112742280a00401451
:10397c00000000003c00c28f10270324060043a463
:10398c008c808293010003244408627c8c8082a387
:10399c007a0e400b000000001c00c28f640042280d
:1039ac000a004010000000003c00c28f6400032499
:1039bc00060043a48c808293010003248410627c53
:1039cc008c8082a37a0e400b000000001c00c28f7a
:1039dc00201e027c3c00c28f060043a41500c2933b
:1039ec003800c38f21106200212040006340400f3b
:1039fc00000000001c00c2af1c00c28f89134228bb
:103a0c000a004014000000003c00c28f88130324fd
:103a1c00080043a48c80829301000324c418627ca8
:103a2c008c8082a39f0e400b000000001c00c28ff4
:103a3c0078ec42280a004010000000003c00c28fc5
:103a4c0078ec0324080043a48c80829301000324a7
:103a5c000421627c8c8082a39f0e400b000000002e
:103a6c001c00c28f201e027c3c00c28f080043a4a5
:103a7c001600c2933800c38f211062002120400031
:103a8c006340400f000000001c00c2af1c00c28f3e
:103a9c0005004014000000004000c28f000040a050
:103aac00bc0e400b000000004000c28f010003243c
:103abc00000043a0e54a400f00000000bc0e400b84
:103acc000000000001000424040005242e43400fd4
:103adc0000000000019d023cfcea44243a46400fe1
:103aec00000000000100022421e8c0033400bf8f55
:103afc003000be8f3800bd270800e0030000000036
:020000040000fa
:020000041d00dd
:103b0c004050050042550a00c04a0500427d0400a1
:103b1c0025482f01c042040000800e3c25482e0190
:103b2c0040680700426d0d00c0620700427d060030
:103b3c0025608f01c05a060025608e012628a7003b
:103b4c002428ae00ffff4f25fe07e12dcb002010ef
:103b5c0000000000ffffaf25fe07e12df400201050
:103b6c000000000023504d01ff034a25424008008d
:103b7c00c07f090025400f0142480900023c0c009f
:103b8c00f401e0001b002701127000001048000037
:103b9c00ffff86311900ce0012200000004c0900f6
:103bac00027c080025482f012b7824010600e01127
:103bbc0023482401ffffce2521482c012b082c0182
:103bcc00fcff201000000000f401e0001b002701a6
:103bdc0012380000104800001900c7001220000025
:103bec00004c0900ffff0f3125482f012b782401d1
:103bfc000600e01123482401ffffe72421482c0193
:103c0c002b082c01fcff20100000000000740e009b
:103c1c002170c7011900cb011238000010200000e0
:103c2c00000008242b780701234007012b102f01db
:103c3c0023482f012b7824012578e2010b00e01199
:103c4c0023482401ffffce2521400b012b780b01cb
:103c5c0021482c0121482f0102002c1100000000ea
:103c6c002b782c01f7ffe0110000000006002c154a
:103c7c000000000025200b002548080000000d2442
:103c8c002a00001025380d00023c0c00f401e00065
:103c9c001b0027011268000010480000ffff86314e
:103cac001900cd0012200000004c0900027c080015
:103cbc0025482f012b7824010600e011234824010c
:103ccc00ffffad2521482c012b082c01fcff2010f7
:103cdc0000000000f401e0001b0027011238000076
:103cec00104800001900c70012200000004c090009
:103cfc00ffff0f3125482f012b7824010600e0111e
:103d0c0023482401ffffe72421482c012b082c0118
:103d1c00fcff201000000000006c0d002168a701c2
:103d2c001900ab011238000010200000000008241c
:103d3c002b780701234007012b102f0123482f015b
:103d4c002b7824012578e2010b00e0112348240193
:103d5c00ffffad2521400b012b780b0121482c01d5
:103d6c0021482f0102002c11000000002b782c019f
:103d7c00f7ffe011000000000600c0050000000085
:103d8c002a78a0012168ad012170ce012170cf01ec
:103d9c00ffff4a25257828010200e01100000000f1
:103dac000100ad3525480e0025400d00ffff4f25c5
:103dbc00fe07e12d1500201000000000000408256e
:103dcc0000040f2d21482f012b782f0121504f017a
:103ddc00c27a08000100ef3123400f01c222080013
:103dec00407d090025208f0040780900027b0f00e0
:103dfc002528af00007d0a002528af0025100400ff
:103e0c00251805000800e003000000004400401dd8
:103e1c000000000001000e242370ca012000c12df7
:103e2c000700201400000000e0ffce212b2008002a
:103e3c000d00091025402401f8ff00100000093482
:103e4c000900c0110000000022300e000420c80040
:103e5c000430c9000640c8010648c90102008010a0
:103e6c002540c800020008350004082500040f2d69
:103e7c0021482f01d6ff0010c25709002a780001f3
:103e8c0021400801214829011700401521482f0124
:103e9c00257828011400e01100000000080020150e
:103eac0000000000030000150000000029ff0010b6
:103ebc0000000a242548000100000824e0ff4a25e0
:103ecc0020702e7123ffc0110000000023504e0102
:103edc0022300e000630c8000440c8010448c90155
:103eec001cff00102548260105004d1500000000a0
:103efc0040780c002578eb012b00e011000000004d
:103f0c00ff0701240a00a11100000000bbff4011b3
:103f1c0000000000257828012300e01500000000b7
:103f2c00f07f013c2528a100b4ff00100000042400
:103f3c002a78600121586b0121608c011700a015b3
:103f4c0021608f0125788b01f5ffe0110000000046
:103f5c000800801500000000030060150000000040
:103f6c0000ff001000000d242560600100000b24f0
:103f7c00e0ffad2520708e71fafec011000000002c
:103f8c002368ae0122300e000630cb000458cb0162
:103f9c000460cc01f3fe00102560860125788b01ae
:103fac000200e01100000000f8ff053c93ff001038
:083fbc000000042400000000d5
:020000040000fa
:020000041d00dd
:103fc4002140c000214880003b00e0142118a000db
:103fd4002b10a600480040102010c270080040506a
:103fe400023408002318020004284500061864005f
:103ff40004404600251865000448440002340800c3
:104004001b006600f401c0001020000012580000dc
:10401400ffff0c310254090002586c7100240400a3
:1040240025508a002b684b011b006600f401c00078
:104034000900a05123504b01215048012b1848017d
:104044000500605423504b012b204b0121184801db
:104054000b50640023504b01ffff23311b0046012a
:10406400f401c000104800001220000002208c70ef
:10407400004c0900254823012b1824011b0046018c
:10408400f401c0000900605023482401214828019c
:104094002b18280105006054234824012b182401ff
:1040a400214028010b48030123482401061049003c
:1040b4000800e003211800002b10a700470040145b
:1040c4002050ea704800401520000b242b10e50016
:1040d40005004014231086002b408600890000153b
:1040e40021108000231086002328a7002b208200a3
:1040f4000800e0032318a4000600c0142010027175
:10410400010002241b004600f401c000124000001c
:10411400201002717d004054044048002328a80068
:10412400021c0800ffff0731022409001b00a30042
:10413400f401600010500000123000000230c7701b
:1041440000540a00252044012b5086001b00a300c4
:10415400f4016000090040512320860021208800da
:104164002b2888000500a054232086002b508600ad
:10417400212888000b20aa0023208600ffff263177
:104184001b008300f40160001048000012280000a6
:104194000228a770004c0900254826012b30250170
:1041a4001b008300f40160000900c050234825016e
:1041b400214828012b1828010500605423482501b3
:1041c4002b182501214028010b4803012348250110
:1041d400061049000800e0032118000021108000a7
:1041e4000800e0032118a00023586a01043847019d
:1041f400061066012538470006686501024c070071
:104204001b00a901f4012001106000001218000035
:10421400ffffee3004284501061064012510450017
:10422400022c0200043046011240000002786e7035
:1042340000640c00256085012b288f011b00a90157
:10424400f40120010a00a010042044012160870128
:104254002b2887010600a014ffff68242b288f0158
:104264000400a05023608f01feff682421608701b1
:1042740023608f01ffff42301b008901f4012001fc
:1042840010280000121800001268000002706e70fe
:10429400002c05002510a2002b284e001b008901cc
:1042a400f40120010600a05000440800211047003a
:1042b4002b2847004c00a010ffff6d240044080089
:1042c4002540a80123104e001900060110480000e3
:1042d4002b1849003e006014124000004b004910a6
:1042e4002318490012300000233086002b2086005a
:1042f40023186400041063010630460125104600ab
:10430400061843010800e00300000000200009240f
:104314002348220106502501021c08001b0043010a
:10432400f40160001030000012580000ffff073154
:1043340004284500064824012528250102640500b7
:104344000448440002586771003406002530860191
:104354002b20cb001b004301f401600006008050b9
:104364002330cb002130c8002b20c800240080104b
:104374002b50cb002330cb00ffffaa301b00c3001f
:10438400f401600010200000122800000228a77029
:104394000024040025208a002b5085001b00c30044
:1043a400f401600060ff405123288500212088002b
:1043b4002b3088005cffc054232885002b508500d7
:1043c400213088000b20ca004b10400b23288500a5
:1043d40023300601231827012b4006012318680007
:1043e400bb10400b231843002b284e00b4ffa050f1
:1043f40000440800feff6d24b010400b211047005c
:104404002120c800de10400b0b308a002b188800d6
:10441400f0ff60542330060112300000bb10400b43
:10442400211800002140c000211080003f00e0144a
:104434002148a0002b18a600470060102018c37064
:1044440008006050021c080023480300042865008b
:104454000648240104406600254825010410640030
:10446400021c08001b002301f4016000106000001e
:1044740012580000ffff0a3102240200123000002b
:1044840002386a7100640c00252084012b608700c7
:104494001b002301f40160000b0080112328870016
:1044a400212088002b2888000600a014ffff662521
:1044b4002b2887000400a01023288700feff662510
:1044c4002120880023288700ffff42301b00a3001f
:1044d400f4016000104800001238000012200000af
:1044e4000250ea70004c0900251022012b484a00b2
:1044f4001b00a300f4016000090020510014060011
:10450400211048002b40480004000015ffffe4245c
:104514002b504a00feffe7240b20ea00001406009b
:10452400251082000800e003211800002b10a700ca
:10453400440040142040e870450000552000022447
:104544002b28e500c800a0142b3086000100c238d7
:104554000800e003211800000600c01420180371ad
:10456400010003241b006600f401c0001240000097
:10457400201803717b006054044068002320a800c5
:10458400023c0800ffff0b31010003240234020047
:104594001b008700f401e0001068000012600000b6
:1045a4001248000002508b71006c0d002530a601ea
:1045b4002b68ca001b008700f401e0000900a01169
:1045c4002328ca002130c8002b20c800040080140e
:1045d400ffff89252b20ca00a6008054feff8925f1
:1045e4002328ca00ffff42301b00a700f401e000ab
:1045f4001050000012300000122000000258cb704e
:1046040000540a00251042012b504b001b00a70048
:10461400f401e00009004051001409002110480091
:104624002b40480004000015ffffc4242b584b0006
:10463400feffc6240b20cb00001409000800e00391
:1046440025108200211800000800e003211000005a
:10465400231048000438070106184600253867006f
:1046640006504500021c07001b004301f4016000d2
:104674001048000012680000ffffeb300428050119
:10468400061044002528450002740500121000009d
:104694000260ab71004c090025482e012b702c01df
:1046a4001b004301f40160000a00c011043006013c
:1046b400214827012b50270106004015ffffa225a2
:1046c4002b502c010400405123482c01feffa2254d
:1046d4002148270123482c01ffffa5301b0023019b
:1046e400f401600010680000126000001250000025
:1046f40002588b71006c0d002528a5012b68ab00b6
:104704001b002301f40160000b00a05100140200ff
:104714002128a7002b18a70006006014ffff8a2594
:104724002b18ab000400605000140200feff8a2521
:104734002128a70000140200251042012328ab0001
:1047440019004600103800002b18a700440060141c
:10475400123000003f00a710042004010800e00309
:1047640021180000200002242310430006484500bd
:10477400023c08001b002701f401e0001030000097
:1047840012600000ffff0b3104286500061044008e
:1047940025284500026c050004106400121800006e
:1047a40002508b71003406002530a6012b20ca006c
:1047b4001b002701f401e0000b0080502330ca00e5
:1047c4002130c8002b20c80006008014ffff832579
:1047d4002b20ca00040080502330ca00feff83252a
:1047e4002130c8002330ca00ffffac301b00c700d3
:1047f400f401e000102000001250000012480000f4
:1048040002284b710024040025208c002b608500b5
:104814001b00c700f401e0000b008051001c0300e2
:10482400212088002b3088000600c014ffff492592
:104834002b3085000400c050001c0300feff4925f6
:1048440021208800001c0300232085006411400bf4
:10485400251823012b308600c0ffc0100000000083
:10486400d811400bffff4224211800000800e00388
:0c487400010002247911400b2130c80023
:020000040000fa
:020000041d00dd
:104880000080013c2638e10040580500425d0b00e5
:10489000c0520500427d040025504f01c04a04006b
:1048a0000080083c255048014070070042750e000a
:1048b000c06a0700427d06002568af01c06206009d
:1048c0002568a801ffff6f25fe07e12d8d00201050
:1048d00000000000ffffcf25fe07e12dbb002010e8
:1048e000000000000080013c2428a10023406e014c
:1048f0002c0000110000000015000019000000004d
:104900002000012d0700201400000000e0ff082116
:104910002b300c0023000d102560a601f8ff0010bd
:1049200000000d341f0000110000000022200800cc
:1049300004308c0004208d0006600c0106680d0117
:104940001800c01025608c001600001002008c3585
:1049500025580e00234008002000012d07002014d8
:1049600000000000e0ff08212b3009000d000a10b4
:1049700025484601f8ff001000000a340900001124
:1049800000000000222008000430890004208a0072
:104990000648090106500a010200c0102548890096
:1049a000020029352678a7001c00e0050000000061
:1049b00021482c012b782c0121504d0121504f0111
:1049c00002004d11000000002b784d013700e0116e
:1049d0000000000001002f310200e0110000000083
:1049e0000200293542480900c07f0a0025482f01ee
:1049f00042500a000080013c2550410101006b2516
:104a0000ff0701242900611500000000f07f013c30
:104a10002528a10037000010000004242b782c0169
:104a200023482c012b104f0123504f012b784d01af
:104a30002578e2010700e01123504d010080013c80
:104a40002628a1002b7809002348090023500a00da
:104a500023504f01080040150000000003002015fe
:104a6000000000000d00001000000b242550200164
:104a700000000924e0ff6b25204048710700001169
:104a80000000000023586801222008000620890049
:104a90000448090104500a012550440125784901c0
:104aa0000200e01500000000000005246800601905
:104ab000000000000004292500042f2d21504f0183
:104ac0002b784f0121586f01c27a09000100ef31a4
:104ad00023482f01c2220900407d0a0025208f00b3
:104ae00040780a00027b0f002528af00007d0b00f4
:104af0002528af0025100400251805000800e00354
:104b0000000000002a7820012148290121504a0193
:104b10002300601521504f01257849011400e01150
:104b200000000000080040150000000003002015f0
:104b30000000000067ff001000000b24255020013a
:104b400000000924e0ff6b252040487161ff00113f
:104b50000000000023586801222008000620890078
:104b60000448090104500a015aff0010255044016d
:104b7000ff0701241500c111000000002140e700db
:104b8000257806010300e01500000000d9ffe004cd
:104b90000000000025100600d8ff001025180700af
:104ba000257849012700e01500000000ff070124d7
:104bb000d0ffc115000000002678a7002100e00505
:104bc00000000000f3ff0010000000002a788001c0
:104bd00021608c012168ad011700c0152168af016b
:104be0002578ac01c3ffe011000000000800a0150b
:104bf00000000000030080150000000039ff0010d5
:104c000000000e242568800100000c24e0ffce2562
:104c10002040a87133ff0011000000002370c8017c
:104c20002220080006208c0004600c0104680d019d
:104c30002cff00102568a4012578ac01d5ffe011f8
:104c400000000000f8ff053caaff0010000004244b
:104c50000100082423400b012000012d070020142f
:104c600000000000e0ff08212b3009000d000a10b1
:104c700025484601f8ff001000000a340900001121
:104c800000000000222008000430890004208a006f
:104c90000648090106500a010200c0102548890093
:104ca0000200293583ff001000000b2400000000e3
:020000040000fa
:020000041d00dd
:104cb000d8ffbd272400bfaf2000beaf21f0a00366
:104cc0002800c4af2c00c5af010002241400c2affd
:104cd000010002241800c2a32c00c28f01004290e0
:104ce0000a00432cdb006010000000008018020066
:104cf000009d023c084d4224211062000000428cbd
:104d000008004000000000005450009d3c4f009df2
:104d10005450009d7c4f009d5450009d304d009d8f
:104d20005450009d3c50009d5450009d604d009d8e
:104d30002800c38f0000629401000424c439827cdf
:104d4000000062a42c00c28f020043902800c28f92
:104d5000740043a01400c0af1814400b0000000002
:104d60002c00c28f02004390030042900012020008
:104d700025104300ffff42301700401400000000e0
:104d80002800c28f0000438c0007023c24186200f8
:104d90000005023c10006214000000002800c28fd1
:104da0000b000324800043ac2800c48fb836400faa
:104db000000000002800c28f750040a02800c38fab
:104dc00003006290040004240410827c030062a0ab
:104dd000cc13400b000000002800c28f75004390e8
:104de0002c00c28f02004490030042900012020087
:104df00025104400ffff4230ff0042304c0062109b
:104e0000000000001000c0a39b13400b0000000036
:104e10002800c28f7800438c1000c29380100200db
:104e2000211062000000428c0500422400004390e3
:104e30002c00c28f020042900900621400000000a2
:104e40002800c28f7800438c1000c29380100200ab
:104e5000211062000000438c2800c28f7c0043ac0c
:104e60001000c293010042241000c2a32800c28f88
:104e7000760042901000c3932b106200e4ff4014b0
:104e8000000000002c00c28f0200439003004290fb
:104e90000012020025104300ffff4230ff004330a4
:104ea0002800c28f750043a02800c48f2b31400f0b
:104eb000000000002800c38f030062900500042456
:104ec0000410827c030062a02c00c28f0200439079
:104ed000030042900012020025104300ffff423001
:104ee000ff0042301c00c2a32800c28fa000438ce8
:104ef000010002240e006214000000002800c28f8e
:104f0000a800428c0a004010000000002800c28f58
:104f1000a800428c2800c38fac00638c1c00c527fe
:104f20000a0004242130600009f84000000000005d
:104f30001400c0af1814400b000000002c00c28ffa
:104f4000020043900300429000120200251043002b
:104f5000ffff43300100022406006214000000003d
:104f60002800c28f880040ac1400c0af1814400b5a
:104f7000000000001814400b000000002c00c28f3d
:104f800002004390030042900012020025104300eb
:104f9000ffff4330010002240700621400000000fc
:104fa0002800c28f01000324880043ac1400c0af66
:104fb0000d14400b000000002c00c28f0200439033
:104fc000030042900012020025104300ffff43300f
:104fd0000200022417006214000000002800c28fa3
:104fe0000000428c0e004330020002240d006214c7
:104ff000000000001400c0af2c00c28f05004390d9
:105000002800c28f020043a02800c38f00006294d2
:10501000010004240442827c000062a40d14400bb1
:1050200000000000010002241400c2af1814400b5d
:10503000000000001814400b0000000001000224d2
:105040001800c2a3010002241400c2af1814400bc0
:1050500000000000010002241400c2af00000000a4
:105060001800c29306004010000000002800c28f04
:10507000212040001400c58f183c400f00000000a4
:1050800021e8c0032400bf8f2000be8f2800bd2769
:085090000800e003000000002d
:020000040000fa
:020000041d00dd
:10509800b0ffbd274c00bfaf4800beaf21f0a00352
:1050a8005000c4af2110a0005800c6af5400c2a3de
:1050b8001000c0a35800c28f1c00c2af1400c0afbc
:1050c8005000c38fffff0224df00621000000000c1
:1050d8005000c28fdc004010000000001c00c28f8e
:1050e8000800428c03004228d10040100000000054
:1050f8005400c2930f0042302000c2a35400c28360
:10510800ff004230c2110200ff0042302400c2af4b
:105118002000c2930300422cc10040100000000090
:105128005000c28f2800c2af2800c28f2c00438cc9
:105138002000c29340110200212040002400c28fa9
:105148000011020021108200211062002c00c2af61
:105158002800c28f3400438c2000c2934010020004
:10516800212040002400c28f21108200c0100200bc
:105178008020020023108200211062003000c2af9c
:105188003000c28f1400428c01004230a000401051
:10519800000000001c00c28f0400438c3000c28f46
:1051a800040042941b006200f4014000101000004b
:1051b8003400c2af3400c28f150040140000000054
:1051c8002400c38f010002241600621400000000ae
:1051d8001c00c28f1000428c0100423011004010a8
:1051e800000000001c00c28f0400428c0d0040101b
:1051f800000000001c00c28f1000428c8000433465
:105208001c00c28f100043ac8b14400b0000000040
:105218002400c28f030040140000000083ff022412
:105228001400c2af1400c28f8500401400000000b3
:105238002800c28f0100429001004238ff0042302e
:105248001f004010000000002800c28f30004224d8
:105258003800c2afffff02243c00c2a73800c28f4b
:1052680000004390010002240600621400000000c0
:105278003800c28f000040a001000224a414400b93
:105288000000000021100000211840000100022445
:1052980009006214000000002800c28f2800428c18
:1052a800212040006045400f000000001000c2a30c
:1052b800b214400b0000000081ff02241400c2afaa
:1052c8001400c28f5e004014000000001c00c28f52
:1052d800180040ac2400c38f0100022407006214a8
:1052e800000000001c00c28f0400438c1c00c28f09
:1052f800200043acc314400b000000001c00c28f08
:10530800200040ac1c00c28f03000324080043acfb
:105318003000c28f0000428c1100401400000000d1
:105328003000c28f1c00c38f000043ac1c00c28f2a
:105338001c0040ac1c00c28f04000324080043acce
:105348002c00c48f3000c58f1c00c68f2400c78f67
:10535800672a400f00000000ef14400b0000000017
:105368003000c28f0000428c1800c2afe214400b1c
:10537800000000001800c28f1800428c1800c2af4d
:105388001800c28f1800428cfaff40140000000079
:105398001800c28f1c00c38f180043ac1c00c28fba
:1053a8001800c38f1c0043ac1c00c28f03000324e9
:1053b800080043ac2800c28f010042900100423827
:1053c800ff0042301e004010000000001000c29391
:1053d80007004010000000002800c28f2800428cff
:1053e8002120000021284000034b400f000000004e
:1053f8002800c28f300042244000c2af4000c28f54
:1054080001000324000043a01215400b0000000017
:105418008aff02241400c2af1215400b00000000de
:1054280084ff02241400c2af1615400b00000000d0
:1054380085ff02241400c2af1615400b00000000bf
:105448001615400b0000000083ff02241400c2afb1
:105458001400c28f21e8c0034c00bf8f4800be8fe4
:0c5468005000bd270800e0030000000019
:020000040000fa
:020000041d00dd
:10547400b0ffbd274c00bfaf4800beaf21f0a00372
:105484005000c4af5400c5af5800c6af5c00c7afee
:105494001400c0af5000c28f040040100000000090
:1054a40088ff02240816400b000000005400c28f3d
:1054b400ffff0324000043ac5000c28f8019020098
:1054c40000a0023ca8064224211062001800c2afca
:1054d4001800c28f0c0042241c00c2af1c00c28ff3
:1054e4000400429001004238ff00423004004010a2
:1054f400000000008aff02240816400b0000000090
:105504005c00c28f040040140000000082ff0224eb
:105514000816400b000000006000c28f02004230f9
:105524001d004010000000001c00c28f02004294c5
:10553400211840005c00c28f2b104300040040106f
:105544000000000082ff02240816400b0000000047
:105554001c00c28f020042945c00c38f1b006200d7
:10556400f4014000101000002000c2af2000c28fe0
:1055740005004010000000005c00c38f2000c28fb3
:10558400231062005c00c2af020002241400c2af08
:105594006d15400b000000006000c28f0100423016
:1055a4000300401000000000010002241400c2aff8
:1055b4001800c28f3400438c1800c28f2800428c1c
:1055c4002b106200040040140000000080ff02243d
:1055d4000816400b00000000918082273400c2afff
:1055e400ffff02243800c2a73400c28f000043909a
:1055f4000100022406006214000000003400c28f7f
:10560400000040a0010002248615400b00000000a9
:10561400211000002400c2af2400c38f0100022423
:105624000400621000000000a0ff02240816400bd2
:10563400000000001000c0aff515400b0000000092
:1056440000a0033c1000c28f80100200c0200200a2
:10565400211044003c066324211043000800428cbe
:105664000200422857004010000000001000c28fc2
:1056740080100200c01802002110430000a0033c67
:105684003c066324211043002800c2af2800c28fc7
:105694005800c38f000043ac2800c28f5c00c38f46
:1056a400040043ac2800c28f5000c38f140043ace5
:1056b4002800c28f019d033cf0d263240c0043ac4c
:1056c4002800c28f1400c38f100043ac01000424cf
:1056d4008a48400f000000002c00c2af1800c28f9f
:1056e4003400428c010043241800c28f340043acc0
:1056f400010004242c00c58f3b48400f000000002b
:105704002800c38f5400c28f000043ac1800c28f1e
:105714000000438c1c00c28f0000429021206000d6
:10572400212840002800c68fef41400f00000000f0
:105734003000c2af3000c28f1100401000000000e2
:10574400010004248a48400f000000002c00c2af6e
:105754001800c28f3400428cffff43241800c28f0c
:10576400340043ac010004242c00c58f3b48400f97
:10577400000000005400c28fffff0324000043ac6c
:10578400918082273c00c2af3c00c28f01000324f9
:10579400000043a0010002242400c2af2400c38ff0
:1057a400010002240400621000000000a0ff022493
:1057b4000816400b000000003000c28f0816400b92
:1057c400000000001000c28f010042241000c2af8c
:1057d4001000c28f0300422c99ff40140000000007
:1057e400918082274000c2af4000c28f0100032491
:1057f400000043a0010002242400c2af2400c38f90
:10580400010002240400621000000000a0ff022432
:105814000816400b0000000080ff022421e8c003aa
:105824004c00bf8f4800be8f5000bd270800e00326
:045834000000000070
:020000040000fa
:020000041d00dd
:10583800d8ffbd272400bfaf2000beaf21f0a003d2
:105848002800c4af2c00c5af1400c0af1000c0a71b
:105858001c00c0af010002241200c2a32800c28f9e
:105868000c00428c1800c2af2c00c28f010043907c
:105878000600022487006214000000002c00c28f7a
:10588800030042901000432c7f00601000000000cd
:1058980080180200009d023cb45842242110620086
:1058a8000000428c0800400000000000905a009d53
:1058b800f458009d3c59009d6c5a009d905a009ddb
:1058c800905a009d045a009dc059009d905a009d11
:1058d800905a009d905a009d905a009d905a009da4
:1058e800905a009d905a009d905a009d2800c28fa2
:1058f8000000428c0e0043300200022406006214ad
:10590800000000001800c28f0c00428c1c00c2afbf
:105918004b16400b000000001800c28f0000428c9c
:105928001c00c2af120002241000c2a7a516400b2b
:10593800000000002c00c28f020043902800c28f94
:10594800760042902b106200190040100000000001
:105958002800c28f7800438c2c00c28f020042902e
:1059680080100200211062000000428c1400c2afb7
:105978001400c28f0b004010000000001400c28ffa
:105988001c00c2af1400c28f020043900300429073
:1059980000120200251043001000c2a76e16400b2b
:1059a800000000001c00c0afa516400b000000005e
:1059b800a516400b000000002800c28f0000428c92
:1059c8007000433010000224080062140000000038
:1059d8001200c0a32800c48f2c00c58f3b2e400f97
:1059e80000000000a516400b000000000100022482
:1059f8001200c2a3a516400b000000002800c28fa9
:105a08000000428c7000433010000224130062141e
:105a1800000000002800c28f0000428c0e004330b6
:105a28000200022406006214000000001800c28f61
:105a38002000428c1c00c2af9516400b00000000ed
:105a48001800c28f2400428c1c00c2af0a00022436
:105a58001000c2a7a516400b00000000a516400bb9
:105a6800000000001c00c2271800c48f2c00c58f3e
:105a7800213040004d2b400f000000001000c2a74d
:105a8800a516400b0000000000000000cf16400bd8
:105a9800000000002c00c28f01004390080002247f
:105aa80008006214000000002800c28f750042241c
:105ab8001c00c2af010002241000c2a7cf16400b81
:105ac800000000002c00c28f010042901900401411
:105ad800000000002800c28f840040a42800c28f64
:105ae8000000428c0000427cff0044302800c38f35
:105af800840062940400827c840062a42800c28f1f
:105b08008800428cff00423001004230ff004430e0
:105b18002800c38f840062944408827c840062a4b5
:105b28002800c28f840042241c00c2af0200022455
:105b38001000c2a71200c29322004010000000000b
:105b48001c00c28f08004014000000002800c28f0b
:105b58002120400001000524183c400f00000000ef
:105b6800f316400b000000002c00c28f0600439083
:105b7800070042900012020025104300ffff423048
:105b88001000c3972b1043000700401000000000ce
:105b98002c00c28f060043900700429000120200ba
:105ba800251043001000c2a72800c48f1c00c38f13
:105bb8001000c29721286000213040008738400f2c
:105bc8000000000021e8c0032400bf8f2000be8f22
:0c5bd8002800bd270800e00300000000ca
:020000040000fa
:020000041d00dd
:105be400c0ffbd273c00bfaf3800beaf21f0a0030b
:105bf4004000c4af2110a0004400c2a31000c0a301
:105c04001400c0af4400c2930f0042301800c2a376
:105c14004400c283ff004230c2110200ff00423040
:105c24001c00c2af1800c2930300422ccb004010ea
:105c3400000000004000c38fffff0224c100621077
:105c4400000000004000c28fbe00401000000000b1
:105c54004000c28f2000c2af2000c28f01004290da
:105c640001004238ff0042301f00401000000000d5
:105c74002000c28f300042242c00c2afffff022458
:105c84003000c2a72c00c28f000043900100022400
:105c940006006214000000002c00c28f000040a027
:105ca400010002242d17400b000000002110000009
:105cb40021184000010002240900621400000000c1
:105cc4002000c28f2800428c212040006045400ff4
:105cd400000000001000c2a33b17400b00000000ae
:105ce40081ff02241400c2af1400c28f9300401439
:105cf400000000001800c2933d00401400000000a2
:105d04002000c28f3400428c2400c2af2000c28f16
:105d14002c00438c2400c28f1000428cc01002005f
:105d2400211062002800c2af2800c28f000040a0ea
:105d34002800c28f0000439084ff022425106200d3
:105d4400ff0043302800c28f000043a02400c48f0a
:105d5400fdff05248a3f400f000000002400c28f8d
:105d64001400428c020043342400c28f140043ac5c
:105d74002000c28f3400428c180042242400c2af99
:105d84002000c28f2c00438c2400c28f1000428c50
:105d940002004224c0100200211062002800c2af99
:105da4002800c28f000040a02800c28f000043904a
:105db40084ff022425106200ff0043302800c28fb4
:105dc400000043a02400c48ffdff05248a3f400f38
:105dd400000000002400c28f1400428c02004334ef
:105de4002400c28f140043acb917400b000000001c
:105df4002000c28f3400438c1800c293401002006c
:105e0400212040001c00c28f21108200c01002001b
:105e14008020020023108200211062002400c2afff
:105e24002000c28f2c00438c1800c2934011020042
:105e3400212040001c00c28f0011020021108200aa
:105e4400211062002800c2af2800c28f000040a0c9
:105e54002800c28f0000439084ff022425106200b2
:105e6400ff0043302800c28f000043a02000c28fef
:105e74002c00438c1800c2934011020021204000e2
:105e84001c00c28f0011020021108200080042246d
:105e9400211062002800c2af2800c28f000040a079
:105ea4002800c28f0000439084ff02242510620062
:105eb400ff0043302800c28f000043a02400c48f99
:105ec400fdff05248a3f400f000000002400c28f1c
:105ed4001400428c020043342400c28f140043aceb
:105ee4002000c28f0100429001004238ff0042307e
:105ef40012004010000000001000c2930700401080
:105f0400000000002000c28f2800428c21200000e5
:105f140021284000034b400f000000002000c28fe6
:105f2400300042243400c2af3400c28f0100032485
:105f3400000043a0d617400b00000000d617400b0a
:105f44000000000083ff02241400c2afda17400be4
:105f540000000000da17400b0000000084ff022458
:105f64001400c2af1400c28f21e8c0033c00bf8fed
:105f74003800be8f4000bd270800e0030000000089
:020000040000fa
:020000041d00dd
:105f8400d8ffbd272400bfaf2000beaf21f0a0037f
:105f94002800c4af2c00c5af3000c6af2800c28fa4
:105fa4001000c2af1000c28f0800428ccc00401811
:105fb400000000002c00c28f0a00422cb1004010e7
:105fc400000000002c00c28f80180200009d023cdb
:105fd400e85f4224211062000000428c0800400067
:105fe400000000008862009d8862009d1060009d92
:105ff400d061009de861009d8862009d8862009ddb
:106004000462009d5462009d7062009d1000c38f65
:10601400000062948452027c000062a41000c28fcb
:10602400b400428c4000428c1000c38f1c00648c6e
:10603400211800002128600009f840000000000039
:106044001000c28fb400428c4000428c1000c38ff9
:106054001c00648c800003242128600009f840009f
:10606400000000001000c48fb836400f000000008c
:106074001000c28fb400428c2400428c1000c38fe5
:106084001c00638c212060001000052409f84000e6
:10609400000000001000c28fb400428c2000428c2b
:1060a4001000c38f1c00648c80000324212860002e
:1060b400213000000800072409f840000000000017
:1060c4001000c28f5800428c030042280c0040107c
:1060d400000000001000c28fb400428c3800428cd3
:1060e4001000c38f1c00648c212800001000c38f93
:1060f400500063242130600009f8400000000000d3
:106104001000c38f03006290030004240410827cf7
:10611400030062a01000c28fb400428c1000428cb5
:106124001000c38f1c00638c2120600009f840001c
:1061340000000000ff00423007004230ff004430fe
:106144001000c38f000062944418827c000062a493
:106154001000c28f0c00428c1400c2af1000c28f1a
:106164000000428c0e004330020002240b00621433
:10617400000000001400c28f1400438c1000c28f72
:10618400780043ac1400c28f100043901000c28ffb
:10619400760043a07018400b000000001400c28f6a
:1061a4000800438c1000c28f780043ac1400c28fe7
:1061b400040043901000c28f760043a01000c28fe9
:1061c400750040a0a418400b000000001000c38f0d
:1061d400000062948452027c000062a4a418400b64
:1061e400000000001000c38f00006294010004242a
:1061f4008452827c000062a4a418400b00000000ba
:106204002c00c28f10004010000000000700022480
:106214002c00c2af1000c28fb400428c1400428c18
:106224001000c38f1c00638c2120600009f840001b
:10623400000000001800c2a71800c2273000c2af37
:10624400a418400b00000000a418400b000000003c
:106254001000c38f03006290010004240410827ca8
:10626400030062a0a418400b000000001000c38fbc
:10627400030062900410027c030062a0a418400b87
:10628400000000002c00c0af000000002c00c28ff2
:1062940013004010000000001000c28fa000438cc7
:1062a400010002240e006214000000001000c28fde
:1062b400a800428c0a004010000000001000c28fa9
:1062c400a800428c1000c38fac00638c2c00c48fd8
:1062d4003000c58f2130600009f840000000000044
:1062e40021e8c0032400bf8f2000be8f2800bd27f3
:0862f4000800e00300000000b7
:020000040000fa
:020000041d00dd
:1062fc00b0ffbd274c00bfaf4800beaf21f0a003dc
:10630c005000c4af2118a0005800c6af2110e00007
:10631c005400c3a35c00c2a7010002242400c2af36
:10632c002000c0af5400c2930f0042302800c2a31b
:10633c005400c283ff004230c2110200ff00423001
:10634c002c00c2af2800c2930300422cbc004010aa
:10635c00000000005000c38fffff0224b200621047
:10636c00000000005000c28faf0040100000000081
:10637c005000c28f2000428c3000c2af5000c28f40
:10638c003400c2af3400c28f2c00438c2800c2935f
:10639c0040110200211062003800c2af3400c28fdd
:1063ac003400438c2800c2930011020080200200ac
:1063bc0023108200211062003c00c2af5800c28f33
:1063cc004b004014000000003800c28f4000c2afe8
:1063dc001800c0af0219400b000000001800c28f5b
:1063ec00801002004000c38f21106200000040acfe
:1063fc001800c28f010042241800c2af1800c28fcf
:10640c0007004228f5ff4014000000002800c2934a
:10641c001000a0af3000c48f2128400021300000b4
:10642c00010007249d48400f000000002800c29383
:10643c002400c38f041043002400c2af3400c28f69
:10644c001800438c2400c28f2410620005004010f9
:10645c0000000000010002241c00c2af1d19400bfb
:10646c00000000001c00c0af5c00c2971c00c38f72
:10647c001000a3af3c00c48f212840005800c68fe9
:10648c00213800005144400f000000003c00c28f36
:10649c00180042243c00c2af3400c28f1c00438c55
:1064ac002400c28f24106200050040100000000080
:1064bc00010002241c00c2af3419400b0000000084
:1064cc001c00c0af5c00c2971c00c38f1000a3afb0
:1064dc003c00c48f212840005800c68f01000724bf
:1064ec005144400f000000009119400b00000000c7
:1064fc002c00c28f001102003800c38f21106200e3
:10650c003800c2af3800c28f000040ac3800c28fd8
:10651c00040040ac3800c28f080042243800c2afdf
:10652c003800c28f000040ac3800c28f040040ac71
:10653c005800c28f010042382b1002004400c2a345
:10654c002800c2934400c3931000a3af3000c48f43
:10655c00212840002c00c68f213800009d48400f98
:10656c00000000002800c2932400c38f04104300d5
:10657c002400c2af2c00c28f0e004014000000009b
:10658c003400c28f1800438c2400c28f2410620088
:10659c000500401000000000010002241c00c2afe6
:1065ac007b19400b000000001c00c0af7b19400b96
:1065bc00000000003400c28f1c00438c2400c28fea
:1065cc0024106200050040100000000001000224ad
:1065dc001c00c2af7b19400b000000001c00c0afb8
:1065ec002c00c28fc0100200801802002310620021
:1065fc003c00c38f211062003c00c2af5c00c2970c
:10660c001c00c38f1000a3af3c00c48f2128400096
:10661c005800c68f213800005144400f0000000084
:10662c009119400b0000000083ff02242000c2af30
:10663c009519400b000000009519400b000000005c
:10664c0084ff02242000c2af2000c28f21e8c003c7
:10665c004c00bf8f4800be8f5000bd270800e003e0
:04666c00000000002a
:020000040000fa
:020000041d00dd
:10667000d8ffbd272400bfaf2000beaf21f0a0038c
:10668000211080002c00c5af3000c6af2800c2a783
:106690002800c49721188000001103002118400031
:1066a00080100300231043002310440080100200d8
:1066b00000a0033c8c006324211043001000c2aff3
:1066c0001d00c0a31400c0a32c00c38f0e00022421
:1066d000b6006214000000003000c28f1800c2af84
:1066e0001800c28f0600439007004290001202007b
:1066f00025104300ffff43301000c28fb00043a4b9
:106700001000c28fb400428c4000428c1000c38f36
:106710001c00648c800003242128600009f84000dc
:10672000000000001800c28f000042900020427c50
:10673000ff00423001000324460043100000000027
:106740000200432805006010000000000b0040100c
:10675000000000006b1a400b000000000200032440
:10676000550043100000000003000324890043107b
:10677000000000006b1a400b000000001800c28fe0
:106780000000429060004230ff004230130040148d
:10679000000000001800c28f000042900430027c0c
:1067a000ff00423007004014000000001000c48fba
:1067b0001800c58f2c13400f00000000131a400b67
:1067c000000000001000c48f1800c58f0e16400f87
:1067d000000000006b1a400b000000001800c28f80
:1067e0000000429060004230ff004330400002242d
:1067f00008006214000000001000c48f0e00052481
:106800001800c68f3940400f00000000131a400bdb
:10681000000000001800c28f00004290600042306b
:10682000ff00433020000224080062140000000032
:106830001000c28f2120400001000524183c400fa9
:10684000000000006b1a400b000000006b1a400ba8
:10685000000000001800c28f00004290600042302b
:10686000ff004330400002240a00621400000000d0
:106870001800c28f040042901000c48f21284000ed
:106880001800c68f2534400f000000006b1a400b23
:10689000000000001800c28f040042901000c48f56
:1068a000212840001800c68f2534400f000000004a
:1068b0006b1a400b000000001800c28f04004290c9
:1068c0001c00c2a31c00c2931c004010000000006a
:1068d0001c00c3931d00c2271000c48f2128600034
:1068e000213040004137400f000000001400c2a3d7
:1068f0001000c28f0000438c0007023c2418620085
:106900000005023c06006214000000001400c2935f
:1069100001004238ff004230080040100000000033
:106920001000c28f2120400001000524183c400fb8
:10693000000000006b1a400b000000001800c28f1e
:106940000000429060004230ff00423009004014d5
:10695000000000001d00c2931000c48f21284000d9
:106960001800c68f7c29400f000000006b1a400bf6
:10697000000000001d00c2931000c48f21284000b9
:106980001800c68f2534400f000000006b1a400b22
:10699000000000001000c48f0e0005241800c68ff0
:1069a0003940400f000000000000000021e8c00353
:1069b0002400bf8f2000be8f2800bd270800e00301
:0469c00000000000d3
:020000040000fa
:020000041d00dd
:1069c400b8ffbd274400bfaf4000beaf21f0a00315
:1069d4004800c4af4c00c5af5000c6af5400c7afa9
:1069e4004800c28f040040100000000088ff022409
:1069f4003c1b400b000000004800c28f80190200bd
:106a040000a0023ca8064224211062001400c2af78
:106a14001400c28f060042241800c2af4c00c28f7b
:106a2400ffff0324000043ac1800c28f040042900f
:106a340001004238ff004230040040100000000012
:106a44008aff02243c1b400b000000001800c28f88
:106a5400020042945400c38f1b006200f401400002
:106a6400101000001c00c2af5400c28f040040107c
:106a7400000000001c00c28f040040100000000051
:106a840082ff02243c1b400b000000001400c28f54
:106a94003800438c1400c28f2c00428c2b106200ef
:106aa400040040140000000080ff02243c1b400b43
:106ab40000000000918082273000c2afffff022453
:106ac4003400c2a73000c28f0000439001000224aa
:106ad40006006214000000003000c28f000040a0d5
:106ae40001000224bd1a400b000000002110000028
:106af4002000c2af2000c38f0100022404006210f2
:106b040000000000a0ff02243c1b400b000000001a
:106b14001000c0af291b400b0000000000a0033c84
:106b24001000c28f80100200c02002002110440017
:106b34003c066324211043000800428c02004228d2
:106b440054004010000000001000c28f80100200aa
:106b5400c01802002110430000a0033c3c0663243b
:106b6400211043002400c2af2400c28f5000c38f01
:106b7400000043ac2400c28f5400c38f040043ac14
:106b84002400c28f4800c38f140043ac2400c28f7a
:106b9400019d033cc4d163240c0043ac01000424d4
:106ba4008a48400f000000002800c2af1400c28fc2
:106bb4003800428c010043241400c28f380043acd7
:106bc400010004242800c58f3b48400f000000004a
:106bd4002400c38f4c00c28f000043ac1400c28f4a
:106be4000000438c1800c28f0000429021206000f6
:106bf400212840002400c68fef41400f0000000010
:106c04002c00c2af2c00c28f110040100000000005
:106c1400010004248a48400f000000002800c2af8d
:106c24001400c28f3800428cffff43241400c28f2b
:106c3400380043ac010004242800c58f3b48400fb2
:106c4400000000004c00c28fffff0324000043ac8f
:106c5400918082273800c2af3800c28f010003241c
:106c6400000043a0010002242000c2af2000c38f13
:106c7400010002240400621000000000a0ff0224ae
:106c84003c1b400b000000002c00c28f3c1b400b3f
:106c9400000000001000c28f010042241000c2afa7
:106ca4001000c28f0300422c9cff4014000000001f
:106cb400918082273c00c2af3c00c28f01000324b4
:106cc400000043a0010002242000c2af2000c38fb3
:106cd400010002240400621000000000a0ff02244e
:106ce4003c1b400b0000000080ff022421e8c0038d
:106cf4004400bf8f4000be8f4800bd270800e0035a
:046d0400000000008b
:020000040000fa
:020000041d00dd
:106d0800e8ffbd271400bfaf1000beaf21f0a003fd
:106d180000a0023cd804428c01000324bd004310ab
:106d2800000000000100432c060060140000000071
:106d3800020003244100431000000000081c400b1f
:106d48000000000000a0023cd8044224050040a036
:106d58001a30400f00000000264a400f00000000d3
:106d68002745400f00000000ca41400f0000000006
:106d78001442400f00000000cd44400f0000000006
:106d88003a49400f0000000000a0023c540544248a
:106d98002e3d400f000000000100042401000524de
:106da8002e43400f00000000019d023c4c2d44245e
:106db8003a46400f000000000100042402000524a8
:106dc8002e43400f00000000019d023c602d44242a
:106dd8003a46400f00000000010004240300052487
:106de8002e43400f00000000019d023c6c2d4424fe
:106df8003a46400f000000001a49400f000000000a
:106e08002a49400f0000000000a0023c5405442419
:106e1800513c400f0000000000a0023c54054424ef
:106e28004445400f0000000000a0023c010003247c
:106e3800d80443ac071c400b0000000004000424e5
:106e48001f46400f0000000000a0023cd804422466
:106e5800050042901b0040100000000000a0023c0a
:106e6800a00442240f00429001004238ff00423043
:106e7800140040100000000000a0023cd804422486
:106e8800050040a000a0023c00a0033c4405648c1f
:106e9800440565240400a68c440565240800a58cd7
:106ea800440563240c00638c540544ac5405442405
:106eb800040086ac54054424080085ac54054224db
:106ec8000c0043ac00a0023cd804422405004290c8
:106ed80001004238ff0042301a0040100000000054
:106ee80000a0023ca00442240f004290150040106c
:106ef8000000000000a0023cd80442240100032442
:106f0800050043a000a0023c00a0033c5405648c8b
:106f1800540565240400a68c540565240800a58c36
:106f2800540563240c00638c440544ac4405442494
:106f3800040086ac44054424080085ac440542247a
:106f48000c0043ac00a0023ca00442240f00429075
:106f5800080040100000000000a0023c4405442442
:106f680001000524c00a400f00000000e41b400b8c
:106f78000000000000a0023c540544242128000021
:106f8800c00a400f00000000264a400f0000000021
:106f980000a0023cd804422404004290180040108b
:106fa8000000000000a0023cd8044224040040a0d5
:106fb80000a0023c1005442400a0023cde04452445
:106fc800072d400f0000000000a0023cde0444240e
:106fd80000a0023c440545244c808627670d400fdd
:106fe8000000000000a0023c1005442400a0023c60
:106ff8004405452401000624dc31400f0000000050
:1070080000a0023c01000324d80443ac081c400b38
:10701800000000000000000021e8c0031400bf8f3a
:107028001000be8f1800bd270800e0030000000014
:020000040000fa
:020000041d00dd
:107038004050050042550a00c04a0500427d040040
:1070480025482f01c042040000800e3c25482e012f
:1070580040680700426d0d00c0620700427d0600cf
:1070680025608f01c05a060025608e012628a700da
:107078002428ae00ffff4f25fe07e12d4700201012
:1070880000000000ffffaf25fe07e12d6f00201074
:107098000000000002fcaf2521504f0119002c010f
:1070a800123800001070000019000b0112200000b7
:1070b8001030000019002b01125800001068000061
:1070c8002130cb002b78cb002138ed002138ef00a0
:1070d8000200ed10000000002b78ed002170cf01b8
:1070e80019000c0112400000104800002130c800af
:1070f8002b78c8002138e9002138ef000200e91098
:10710800000000002b78e9002170cf012578860067
:107118000200e011000000000100e73425480e00dd
:1071280006002005254007002a78000121400801b3
:107138002148290121482f01ffff4a25ffff4f253c
:10714800fe07e12d6800201000000000000408255b
:1071580000040f2d21482f012b782f0121504f01ba
:10716800c27a08000100ef3123400f01c222080053
:10717800407d090025208f0040780900027b0f0020
:107188002528af00007d0a002528af00251004003f
:10719800251805000800e003000000002a78000117
:1071a80021400801214829011c00401521482f01d0
:1071b800257828011400e0110000000008002015bf
:1071c800000000000300001500000000adff0010e3
:1071d80000000a242548000100000824e0ff4a2591
:1071e80020702e71a7ffc0110000000023504e012f
:1071f80022380e000638e8000440c8010448c901d6
:10720800a0ff001025482701ff0701243300a11122
:1072180000000000ddff00100000000025782801b4
:107228002e00e015000000000500a0150000000079
:1072380040780c002578eb012800e01100000000e0
:10724800ff0701242100a115000000002a78600131
:1072580021586b0121608c011900a01521608f0154
:1072680025788b011400e01100000000080080154b
:1072780000000000030060150000000085ff0010fa
:1072880000000d242560600100000b24e0ffad25ff
:10729800203086717fffc010000000002368a6011f
:1072a800227006000670cb010458cb000460cc00a5
:1072b80078ff001025608e01b4ff00100000042440
:1072c80025788b010500e01500000000f07f013ce7
:1072d8002528a100adff001000000424f8ff053c9c
:1072e800aaff001000000424f8ff401d0000000061
:1072f80001000e242370ca012000c12d07002014ac
:1073080000000000e0ffce212b3008000d0009101e
:1073180025402601f8ff0010000009340900c011bb
:107328000000000022380e000430e8000438e900ac
:107338000640c8010648c9010200c0102540e800ff
:10734800020008350004082500040f2d21482f01ec
:0c73580083ff0010c25709000000000075
:020000040000fa
:020000041d00dd
:10736400b8ffbd274400bfaf4000beaf21f0a0036b
:107374004800c4af2110a0004c00c2a31000c0a359
:107384001400c0af4c00c2930f0042301800c2a3d7
:107394004c00c283ff004230c2110200ff004230a1
:1073a4001c00c2af1800c2930300422cad00401071
:1073b400000000004800c38fffff0224a3006210f6
:1073c400000000004800c28fa00040100000000030
:1073d4004800c28f2000c2af2000c28f2000428c20
:1073e4002400c2af2000c28f3400438c1800c29323
:1073f40040100200212040001c00c28f2110820096
:10740400c0100200802002002310820021106200bc
:107414002800c2af2000c28f010042900100423810
:10742400ff0042301f004010000000002000c28f07
:10743400300042243000c2afffff02243400c2a750
:107444003000c28f00004390010002240600621441
:10745400000000003000c28f000040a001000224a0
:107464001c1d400b000000002110000021184000ea
:107474000100022409006214000000002000c28ff1
:107484002800428c212040006045400f000000008d
:107494001000c2a32a1d400b0000000081ff02243b
:1074a4001400c2af1400c28f660040140000000034
:1074b4001800c29313004014000000002000c28f83
:1074c4002c00438c1800c29340110200212040007c
:1074d4001c00c28f00110200212082002800c28fec
:1074e4001000428cc01002002110820021106200a2
:1074f4002c00c2af2c00c28f000040a0601d400bc6
:10750400000000002000c28f2c00438c1800c2939e
:1075140040110200212040001c00c28f0011020013
:1075240021108200211062002c00c2af2c00c28ff7
:10753400000040a02000c28f2c00438c1800c2938e
:1075440040110200212040001c00c28f00110200e3
:107554002110820008004224211062002c00c2afd6
:107564002c00c28f000040a01800c2932400c48fd6
:1075740021284000b14b400f000000001800c293c6
:107584000a004014000000001c00c38f0100022404
:1075940006006214000000002800c28f01000324ca
:1075a4000c0043ac6e1d400b000000002800c28f8d
:1075b4000c0040ac2800c28f1400428cfdff042450
:1075c400241844002800c28f140043ac1800c2934e
:1075d40005004010000000002800c48ffcff0524b3
:1075e4008a3f400f000000002000c28f010042903b
:1075f40001004238ff004230120040100000000039
:107604001000c29307004010000000002000c28f49
:107614002800428c2120000021284000034b400f09
:10762400000000002000c28f300042243800c2afa6
:107634003800c28f01000324000043a0981d400bb2
:1076440000000000981d400b0000000083ff02248e
:107654001400c2af9c1d400b000000009c1d400b99
:107664000000000084ff02241400c2af1400c28f83
:1076740021e8c0034400bf8f4000be8f4800bd27ef
:087684000800e0030000000013
:020000040000fa
:020000041d00dd
:10768c00e8ffbd271400bfaf1000beaf21f0a00370
:10769c0000a0023ca00442240400428c0800432cad
:1076ac00b30060100000000080180200009d023c36
:1076bc00d0764224211062000000428c0800400069
:1076cc0000000000f076009d5877009d4478009de6
:1076dc008c77009d4478009de478009d3079009d66
:1076ec008879009d21200000030005248539400f76
:1076fc00000000002118400000a0023ca00443ac94
:10770c0000a0023ca004438cffff02240d00621079
:10771c000000000000a0023ca004428c212040008c
:10772c00019d023cc8a74524213000000941400faf
:10773c000000000000a0023ca0044224010003242d
:10774c00040043ac631e400b0000000000a0023c90
:10775c00a00442240f0042900700401000000000db
:10776c0000a0023ca004422403000324040043ac08
:10777c00631e400b00000000631e400b0000000065
:10778c00b740400f00000000030040100000000054
:10779c00631e400b0000000000a0023ca004422429
:1077ac0004000324040043ac00a0023ca0044224c7
:1077bc00200042901e0040100000000000a0023c7f
:1077cc00a0044224200040a000a0023ca0044224bb
:1077dc00ffff0324180043ac00a0023ca004422489
:1077ec003000428c2120000000a0033cb80465242a
:1077fc002130400040000724711a400f00000000a7
:10780c0000a0023ca00442241800438cffff022479
:10781c00070062140000000000a0023ca0044224f7
:10782c0007000324040043ac631e400b000000005f
:10783c00631e400b00000000b740400f000000002a
:10784c000300401000000000631e400b000000000d
:10785c0000a0023ca00442242000429006004014e8
:10786c000000000000a0023ca00442242200429030
:10787c00170040100000000000a0023ca0044224ad
:10788c003000438c00a0023ca00442243400428c03
:10789c0000a0043cde048424212860002130400038
:1078ac00d130400f0000000000a0023cd80442245c
:1078bc0001000324040043a000a0023ca0044224c5
:1078cc0005000324040043ac631e400b00000000c1
:1078dc00631e400b00000000b740400f000000008a
:1078ec000300401000000000631e400b000000006d
:1078fc0000a0023ca0044224ffff03241c0043ac64
:10790c0000a0023ca0044224210040a000a0023ca4
:10791c00a004422406000324040043ac631e400b65
:10792c0000000000b740400f0000000003004010b2
:10793c0000000000631e400b0000000000a0023c91
:10794c00a0044224210042900700401000000000d7
:10795c0000a0023ca004422403000324040043ac16
:10796c00631e400b00000000631e400b0000000073
:10797c0000000000631e400b00000000000000002f
:10798c0021e8c0031400bf8f1000be8f1800bd2764
:08799c000800e00300000000f8
:020000040000fa
:020000041d00dd
:1079a400d0ffbd272c00bfaf2800beaf21f0a0033d
:1079b400211080003400c5af3000c2a71400c0af4e
:1079c400010002241800c2af1c00c0afffff022454
:1079d4001000c2af3000c297a6004014000000009f
:1079e4003000c29700a0033cc010020080200200b7
:1079f40021104400802002002110440074056324f7
:107a0400211043000000429001004238ff00423040
:107a140098004010000000003000c29700a0033c12
:107a2400c0100200802002002110440080200200c7
:107a34002110440074056324211043000100032431
:107a4400000043a03400c28f1c00c2af1c00c28fd0
:107a54000400428c1800c2af3000c297c01002006c
:107a640080180200211043008018020021104300f6
:107a740000a0033c74056324211043001400c2af2a
:107a84001400c28f300042242000c2af2000c28ff5
:107a940001000324000043a0010002242118400037
:107aa4000100022469006214000000001400c28f67
:107ab40001000324140043ac1400c28f1800c38fc8
:107ac400200043ac1c00c28f1400438c1400c28fee
:107ad400240043ac1c00c28f1800438c1400c28fd6
:107ae4002c0043ac1400c28f050040a01400c28fc8
:107af400100040ac3000c297c01002008018020091
:107b04002110430080180200211043003800432450
:107b140000a0023c74054224211862001400c28fa4
:107b2400340043ac1c00c28f0c00438c1400c28f81
:107b3400280043ac1800c48fec4b400f0000000039
:107b44001c00c28f08004290060040100000000094
:107b54001800c48ff84b400f00000000dd1e400bde
:107b6400000000001800c48ffe4b400f000000000e
:107b74001800c48f234d400f000000000d0040107a
:107b8400000000001c00c28f090042900600401053
:107b9400000000001800c48fe14c400f00000000fa
:107ba400ee1e400b000000001800c48fdd4c400f97
:107bb400000000001c00c28f1400428c0200032449
:107bc40010004310000000000300032410004310c1
:107bd4000000000001000324030043100000000023
:107be400061f400b000000003000c2971400c48f31
:107bf400212840007046400f00000000061f400b83
:107c04000000000000000000061f400b0000000000
:107c1400000000001400c28f2c00428c00e0427c63
:107c24001800c48f212840003f4b400f0000000083
:107c34001400c28f02000324140043ac3000c29726
:107c44001000c2af1e1f400b000000003000c2979e
:107c540000a0033cc0100200802002002110440058
:107c64008020020021104400740563242110430085
:107c7400000040a01000c28f21e8c0032c00bf8f79
:107c84002800be8f3000bd270800e003000000007c
:020000040000fa
:020000041d00dd
:107c9400d0ffbd272c00bfaf2800beaf21f0a0034a
:107ca4003000c4af3000c28f1800c2af1000c0afa4
:107cb4001800c28f0800438cfeff022403006214e4
:107cc40000000000d81f400b000000001800c28f05
:107cd4001400428c1c00c2af1c00c28f8c004224d2
:107ce4002000c2af1800c28f0800438c0200022497
:107cf40035006214000000002000c28f0000429092
:107d04001f004010000000002000c28f0c00428cb5
:107d14001b004010000000002000c28f0c00438ca8
:107d24001c00c28fa800428c0c00621400000000ea
:107d34001c00c28fa800428c1c00c38fac00638c53
:107d44000c000424212800002130600009f84000c0
:107d540000000000611f400b000000002000c28fe3
:107d64000c00428c2000c38f040063942120600027
:107d74000c0005242130000009f840000000000038
:107d84002000c28f01000324000043a02000c28f02
:107d9400009d033c706663240c0043ac1c00c28f3e
:107da400180043942000c28f040043a40e00022450
:107db4001000c2af1c00c28f240042241400c2afc2
:107dc400ad1f400b000000001800c28f0400428c5d
:107dd40008004014000000002000c28f000040a0f2
:107de4000f0002241000c2af1400c0afad1f400b3f
:107df400000000001800c28f0400428c2c004010c8
:107e0400000000002000c28f0000429028004010b3
:107e1400000000002000c28f010043902000c28fa8
:107e2400020042902b106200170040100000000076
:107e34001c00c28f9400438c2000c28f010042902a
:107e4400212062001c00c28f240043241800c28f2a
:107e54000400428c2128600021304000d130400fc2
:107e6400000000002000c28f010043901800c28f60
:107e74000400428cff00423021106200ff004330b6
:107e84002000c28f010043a02000c28f0100439054
:107e94002000c28f020042902b10620004004014a4
:107ea400000000000d0002241000c2af1400c0af97
:107eb4001000c28f1b004010000000002000c28f81
:107ec4000c00438c1c00c28fa800428c0c0062146e
:107ed400000000001c00c28fa800428c1c00c38f4d
:107ee400ac00638c1000c48f1400c58f2130600077
:107ef40009f8400000000000ca1f400b0000000009
:107f04002000c28f0c00428c2000c38f04006394b5
:107f1400212060001000c58f1400c68f09f84000ae
:107f2400000000001c00c28f08000324540043ac6e
:107f34001c00c28fb400428c3800428c1c00c38fda
:107f44001c00648c212800001c00c38f5000632493
:107f54002130600009f840000000000021e8c0035f
:107f64002c00bf8f2800be8f3000bd270800e0031f
:047f74000000000009
:020000040000fa
:020000041d00dd
:107f7800c8ffbd273400bfaf3000beaf21f0a0035b
:107f8800211080003c00c5af3800c2a73c00c28f5a
:107f98001800c2af3800c29704004010000000006b
:107fa800ffff02248620400b000000001800c28f4b
:107fb8000400401400000000ffff02248620400b4c
:107fc800000000001800c28f2000428c04004014fa
:107fd80000000000ffff02248620400b0000000084
:107fe8003800c497211880000011030021184000b0
:107ff8008010030023104300231044008010020067
:1080080000a0033c8c006324211043001c00c2af75
:108018001c00c28f01000324080043ac1c00c28f5f
:108028003800c397180043a41c00c38f0300629054
:108038000410027c030062a01800c28f2000438c49
:108048001c00c28f0c0043ac1800c28f1800439468
:108058001c00c28f100043a41800c28f1c00438c60
:108068001c00c28f140043ac1800c28f2400428c3d
:10807800ff00423007004230ff0044301c00c38f2d
:10808800000062940431827c000062a41c00c28f4c
:10809800880040ac1c00c38f000062940400027c7e
:1080a800000062a41c00c38f00006294c439027ce3
:1080b800000062a41c00c38f000062940442027c8a
:1080c800000062a41c00c28f500042242000c2afee
:1080d8001c00c28f240043242000c28f000043ac40
:1080e8002000c28f08000324040043ac2000c28f84
:1080f80001000324100043ac2000c28f080040acec
:108108002000c28f009d033c947c63240c0043ac88
:108118001c00c38f2000c28f140043ac1c00c28f08
:108128002c0042242400c2af2400c28f019d033cce
:108138007ccb63240c0043ac1c00c38f2400c28f8b
:10814800140043ac2400c28f01000324100043ac88
:108158001c00c38f000062948452027c000062a459
:108168001c00c28f9c0040ac1800c28f3000438caa
:108178001c00c28fb40043ac1800c28f2c0043947b
:108188001c00c28fb80043a41c00c28f1400428c8c
:108198001400c2af1000c0a37e20400b00000000f6
:1081a8001400c28f1000428c2800c2af2800c28f72
:1081b80009004010000000002800c28f1000428c07
:1081c80005004010000000002800c28f1000428cfb
:1081d80009f84000000000001400c28f1400422477
:1081e8001400c2af1000c293010042241000c2a3c1
:1081f8001000c293ffff43301c00c28f100042944e
:108208002b106200e6ff4014000000003800c297ff
:1082180021e8c0033400bf8f3000be8f3800bd276f
:088228000800e0030000000063
:020000040000fa
:020000041d00dd
:10823000c8ffbd273400bfaf3000beaf21f0a003a0
:10824000211880003c00c5af4000c6af2110e000ff
:108250003800c3a74400c2a33800c29703004010ef
:10826000000000002d21400b000000003800c297e4
:108270008019020000a0023ca806422421106200de
:108280001c00c2af4000c28f2000c2af2000c28fce
:108290000400438c1c00c28f280043ac2000c28f16
:1082a0000000438c1c00c28f2c0043ac2000c28f06
:1082b0000800438c1c00c28f300043ac1c00c28fee
:1082c000340040ac1c00c28f380040ac1c00c28f90
:1082d0003c0040ac4c00c29305000324270043102f
:1082e000000000002400032471004310000000007f
:1082f0000400032403004310000000002d21400b64
:10830000000000005000c28f2400c2af1c00c28fca
:108310003c00c38f000043ac2400c28f0500439093
:10832000020002240b006214000000002400c28f2f
:1083300006004390020002240600621400000000c0
:108340001c00c28f4400c393120043a0dd20400be9
:10835000000000002400c28f050043900a000224a0
:1083600004006214000000001c00c28f4400c3938c
:10837000040043a02d21400b000000005000c28fdc
:108380002800c2af2800c28f020042902c00c2a376
:108390002c00c283ff004230c2110200ff004230b5
:1083a0002d00c2a35000c28f0400439005004290ec
:1083b00000120200251043002e00c2a72800c28f21
:1083c0000300429003004230ff00433002000224c9
:1083d0000b006214000000002d00c2934010020048
:1083e00080180200231862001c00c28f2110430075
:1083f000060042241800c2af1421400b0000000008
:108400002800c28f0300429003004230ff00433037
:10841000030002240c006214000000002d00c2932f
:10842000401002008018020023186200100062242d
:108430001c00c38f21106200040042241800c2af48
:108440001421400b000000002d21400b0000000013
:108450001800c28f2c00c393000043a01800c28fe5
:108460002e00c397020043a42800c28f030042904d
:108470000008427cff0042302e00c4972c00c393ba
:108480001000a4af3c00c48f212800002130600000
:1084900021384000e040400f000000001800c28f6b
:1084a00001000324040043a02d21400b0000000024
:1084b0000000000021e8c0033400bf8f3000be8ff1
:0c84c0003800bd270800e00300000000a9
:020000040000fa
:020000041d00dd
:1084cc000080013c2628a100c24d0400ff00293188
:1084dc00c25d0500ff006b310080073c00420400c8
:1084ec00254007010052050025504701ffff2d25af
:1084fc00fe00a12d6100201000000000ffff6d2583
:10850c00fe00a12d770020100000000023602b013d
:10851c000d008005000000002000812903002014bc
:10852c00000000001500001002000a2425300a008b
:10853c0006508a0104688a011000a6110000000090
:10854c000e00001002004a3525480b0023600c0079
:10855c0020008129030020140000000007000010f7
:10856c0002000824253008000640880104688801b0
:10857c000200a611000000000200083524608700ec
:10858c00266885011000a0050000000021400a01aa
:10859c002b680a011700a0110000000001000d312a
:1085ac000200a01100000000020008354240080043
:1085bc0001002925ff0001240e00211500000000f8
:1085cc000c000010000008242b680a010400a01104
:1085dc0023400a0123400800030000102660870195
:1085ec0050000011000000002030067123482601c5
:1085fc000440c8000e00201900000000800008256f
:10860c0080000d2d21482d01026a08000100ad31ba
:10861c0023400d014040080042420800c06d090093
:10862c0025400d0125100c010800e003000000009e
:10863c00010006242330c9002000c12c3900201071
:10864c00000000000080013c2540010120000d24a9
:10865c002368a6010448a801020020110640c800a6
:10866c00010008350000092480000d25e3ffa10559
:10867c0000000000e1ff0010010009240e0020158d
:10868c00000000002140080105000011000000005e
:10869c0020600c7123482c0198ff001004408801c5
:1086ac00ff0001240f006111000000000080013c5c
:1086bc001800a11400000000216808011b00a0157f
:1086cc0000000000ff0001241400611500000000f0
:1086dc00266885001500a005000000000d000010a4
:1086ec0000000000080060150000000021504a0145
:1086fc000a0040110000000020604c7123586c01ee
:10870c0082ff001004508a0121684a010700a0155d
:10871c0000000000c4ff001025100500c2ff00106f
:10872c0025100400c0ff001000000224beff001042
:08873c00c0ff023c0000000038
:020000040000fa
:020000041d00dd
:10874400c0ffbd273c00bfaf3800beaf21f0a0037f
:108754004000c4af2110a0004400c2a31000c0a375
:108764001400c0af4400c2930f0042301800c2a3eb
:108774004400c283ff004230c2110200ff004230b5
:108784001c00c2af1800c2930300422c7e004010ac
:10879400000000004000c38fffff02247400621039
:1087a400000000004000c28f710040100000000073
:1087b4004000c28f2000c2af2000c28f3400438c1f
:1087c4001800c29340100200212040001c00c28ff8
:1087d40021108200c01002008020020023108200b9
:1087e400211062002400c2af2000c28f2c00438cf1
:1087f4001800c29340110200212040001c00c28fc7
:108804000011020021108200211062002800c2af72
:108814002000c28f0100429001004238ff00423024
:108824001f004010000000002000c28f30004224ce
:108834002c00c2afffff02243000c2a72c00c28f5d
:1088440000004390010002240600621400000000ae
:108854002c00c28f000040a0010002241b22400b08
:108864000000000021100000211840000100022433
:1088740009006214000000002000c28f2800428c0e
:10888400212040006045400f000000001000c2a3fa
:108894002922400b0000000081ff02241400c2af13
:1088a4001400c28f30004014000000002400c28f66
:1088b4000000428c0c004010000000002400c28f15
:1088c4000000428c0800438c040002240600621459
:1088d400000000002400c28f1000428c01004338c5
:1088e4002400c28f100043ac2800c28f000040a0b7
:1088f4002800c28f08004224000040a02400c48f36
:10890400feff05248a3f400f000000002000c28fb4
:108914000100429001004238ff0042301200401032
:10892400000000001000c293070040100000000087
:108934002000c28f2800428c212000002128400002
:10894400034b400f000000002000c28f300042247f
:108954003400c2af3400c28f01000324000043a0de
:108964006122400b000000006122400b0000000067
:1089740083ff02241400c2af6522400b00000000f4
:108984006522400b0000000084ff02241400c2afe3
:108994001400c28f21e8c0033c00bf8f3800be8f93
:0c89a4004000bd270800e00300000000b8
:020000040000fa
:020000041d00dd
:1089b000e8ffbd271400bfaf1000beaf21f0a00339
:1089c0002118a0002110c0001800c4a31c00c3a3dc
:1089d0002000c2a31800c293588084272128400099
:1089e000d62d400f000000001c00c2936080842739
:1089f00021284000d62d400f000000002000c29327
:108a00005080842721284000d62d400f0000000010
:108a10002000c29301004238ff0042300a0040109b
:108a2000000000006a80829701004224ffff42306c
:108a30006a8082a7688082930421027c688082a376
:108a4000dd22400b00000000508084277749400f52
:108a5000000000001b004010000000006a808297a8
:108a6000f401422c0a004014000000006880829348
:108a70008410027c688082a36880829301000324b2
:108a8000c418627c688082a3ab22400b0000000007
:108a900068808293c418027c688082a36880829375
:108aa000010003248410627c688082a36a8080a70e
:108ab000688082930421027c688082a3dd22400bbf
:108ac00000000000608084276849400f000000001b
:108ad0001400401000000000588084275949400fbe
:108ae0000000000001004238ff0042300d0040103d
:108af0000000000068808293010003240400627c6f
:108b0000688082a3688082934408027c688082a384
:108b1000688082930421027c688082a3dd22400b5e
:108b200000000000608084276849400f00000000ba
:108b30001000401000000000588084275949400f61
:108b4000000000000b0040100000000068808293cd
:108b50000400027c688082a3688082930100032461
:108b60004408627c688082a3688082930421027c2e
:108b7000688082a3608084270c4a400f00000000b8
:108b800060808427194a400f00000000508084272d
:108b90000c4a400f0000000050808427194a400f03
:108ba000000000006880829710004230ffff4230d2
:108bb0000b004010000000006c8082978813422c4c
:108bc0000e004010000000006c80829701004224db
:108bd000ffff42306c8082a7ff22400b00000000a4
:108be00068808293010003240421627c688082a350
:108bf0006c8080a7264a400f0000000021e8c003d7
:108c00001400bf8f1000be8f1800bd270800e003be
:048c10000000000060
:020000040000fa
:020000041d00dd
:108c1400e8ffbd271400bfaf1000beaf21f0a003d2
:108c2400211080001c00c5af2000c6af1800c2a7e9
:108c34002000c28f010042902400432c7e0060106b
:108c44000000000080180200019d023c648c422454
:108c5400211062000000428c080040000000000067
:108c6400d08d009dd08d009d3c8e009d3c8e009d3e
:108c74003c8e009d3c8e009d3c8e009d3c8e009d54
:108c84003c8e009d3c8e009d3c8e009d3c8e009d44
:108c94003c8e009d3c8e009d3c8e009d3c8e009d34
:108ca4003c8e009d3c8e009d3c8e009d3c8e009d24
:108cb4003c8e009d3c8e009d3c8e009d3c8e009d14
:108cc4003c8e009d3c8e009d3c8e009d3c8e009d04
:108cd4003c8e009d3c8e009d3c8e009d3c8e009df4
:108ce400f48c009d3c8d009d848d009df08d009d35
:108cf4001c00c28f2000428c0d00401000000000b8
:108d04001c00c28f2000428c1800c4971c00c38f23
:108d14002400638c212800002130000021386000e9
:108d240009f84000000000009623400b00000000fa
:108d34009623400b000000001c00c28f2000428cd0
:108d44000d004010000000001c00c28f2000428c67
:108d54001800c4971c00c38f2400638c01000524f1
:108d6400213000002138600009f8400000000000b4
:108d74009623400b000000009623400b00000000e7
:108d84001c00c28f2000428c0e0040100000000026
:108d94001c00c28f2000428c1800c4972000c38f8f
:108da400020066241c00c38f2400638c0200052487
:108db4002138600009f84000000000009623400bb1
:108dc400000000009623400b000000001c00c28f2e
:108dd4000000428c2120400001000524183c400f73
:108de400000000009623400b000000001c00c28f0e
:108df4002000428c0e004010000000001c00c28fb6
:108e04002000428c1800c4972000c38f02006624ff
:108e14001c00c38f2400638c0300052421386000e8
:108e240009f84000000000009623400b00000000f9
:108e34009623400b000000001c00c28f0000428cef
:108e44002120400001000524183c400f00000000d0
:108e54000000000021e8c0031400bf8f1000be8f83
:0c8e64001800bd270800e003000000001b
:020000040000fa
:020000041d00dd
:108e7000c8ffbd273400bfaf3000beaf21f0a00354
:108e80003800c4af3c00c5af1000c0af1800c0af81
:108e90003c00c28f1c00c2af1400c0a33800c38fb7
:108ea000ffff02247a006210000000003800c28f29
:108eb00077004010000000001c00c28f6e004010c0
:108ec000000000003800c28f1800c2af1c00c28f23
:108ed0000800428c03004228630040140000000098
:108ee0001800c28f0100429001004238ff0042305a
:108ef0001f004010000000001800c28f3000422404
:108f00002000c2afffff02242400c2a72000c28fae
:108f100000004390010002240600621400000000db
:108f20002000c28f000040a001000224ce23400b8d
:108f30000000000021100000211840000100022460
:108f400009006214000000001800c28f2800428c43
:108f5000212040006045400f000000001400c2a323
:108f6000dc23400b0000000081ff02241000c2af90
:108f70001000c28f44004014000000001c00c28f8b
:108f8000feff0324080043ac1c00c28f040040ac69
:108f90001c00c28f1c00428c1c004010000000000e
:108fa0001c00c28f1c00428c1c00c38f1800638cf5
:108fb000180043ac1c00c28f1800428c0600401001
:108fc000000000001c00c28f1800428c1c00c38fe0
:108fd0001c00638c1c0043ac1c00c28f1c0040ac06
:108fe0001c00c28f180040ac1c00c28f0c00428cc9
:108ff00006004010000000001c00c28f0c00428cd4
:109000001c00c48f09f84000000000001800c28f47
:109010000100429001004238ff0042301a00401027
:10902000000000001400c293070040100000000080
:109030001800c28f2800428c212000002128400007
:10904000034b400f000000001800c28f3000422484
:109050002800c2af2800c28f01000324000043a0f3
:109060002224400b0000000083ff02241000c2af46
:109070002624400b0000000083ff02241000c2af32
:109080002624400b000000002624400b00000000b6
:1090900083ff02241000c2af1000c28f21e8c0037a
:1090a0003400bf8f3000be8f3800bd270800e003ba
:0490b00000000000bc
:020000040000fa
:020000041d00dd
:1090b400d0ffbd272c00bfaf2800beaf21f0a00316
:1090c4003000c4af3000c38fffff022403006214da
:1090d40000000000b824400b000000003000c48fe2
:1090e40021188000001103002118400080100300a3
:1090f40023104300231044008010020000a0033c0e
:109104008c006324211043001800c2af1800c28fe2
:109114000800428c0300401c00000000b824400bef
:10912400000000001800c28f0000428c4010427cf6
:10913400ff0042301c00c2af1800c28f750042907d
:109144002000c2a71800c28f1400428c1400c2afc2
:109154001800c28f100042942200c2a71800c28fc8
:109164009c00428c06004010000000000100032413
:109174001e00431000000000b824400b0000000053
:109184001800c28fb400428c0000428c1800c38fb8
:10919400b8006394212060000f00052409f8400002
:1091a40000000000211840001800c28f1c0043acce
:1091b4001800c28f1c00438cffff022409006210b8
:1091c400000000001800c28f010003249c0043ac7f
:1091d4001800c28f02000324080043acb824400bdb
:1091e40000000000b824400b000000001000c0a3e1
:1091f400b124400b000000001400c28f0000438c17
:109204001c00c28f241062002700401000000000e0
:109214001400c28f040042902000c39722006214fd
:10922400000000001800c28f0000438c0007023cbd
:10923400241862000005023c1b00621400000000b8
:109244001800c28f0000428c8002427cff00423032
:1092540001004238ff0042301300401000000000bb
:109264001400c28f1000428c2400c2af2400c28fad
:109274000d004010000000002400c28f0c00428c3e
:1092840009004010000000002400c28f0c00428c32
:109294001400c38f0800638cffff6330212060003b
:1092a40009f84000000000001400c28f140042249a
:1092b4001400c2af1000c293010042241000c2a3e4
:1092c4001000c293ffff42302200c3972b104300cb
:1092d400c9ff4014000000000000000021e8c003a2
:1092e4002c00bf8f2800be8f3000bd270800e0038c
:0492f4000000000076
:020000040000fa
:020000041d00dd
:1092f800c8ffbd273400bfaf3000beaf21f0a003c8
:109308003800c4af2110a0003c00c2a31800c0afb1
:109318003800c38fffff02247b00621000000000aa
:109328003800c28f78004010000000003800c28f5b
:109338001c00c2af1c00c28f2000428c2000c2afac
:109348001c00c28f3400428c1400c2af3c00c3938f
:109358001000022425006214000000001000c0afb5
:10936800f724400b000000001000c28fff004230bd
:109378002000c48f21284000c64a400f000000008a
:109388001400c28f1400428cfeff042424184400e9
:109398001400c28f140043ac1400c28f180042247a
:1093a8001400c2af1400c28f1400428cfeff0424c4
:1093b800241844001400c28f140043ac1400c28f58
:1093c800180042241400c2af1000c28f01004224ca
:1093d8001000c2af1000c28f03004228e2ff401401
:1093e800000000004625400b000000003c00c2932e
:1093f8000f0042302400c2a33c00c283ff00423069
:10940800c2110200ff0042302800c2af2400c293fc
:109418000300422c38004010000000002400c293d2
:10942800401802002800c28f21106200c0100200fc
:1094380080180200231062001400c38f21106200fc
:109448001400c2af1400c28f0800428c17004014e9
:10945800000000002400c2932000c48f212840008f
:10946800c64a400f000000001400c28f1400428c4e
:10947800feff0424241844001400c28f140043acd7
:109488001400c28f180042241400c2af1400c28f07
:109498001400428cfeff0424241844001400c28fd8
:1094a800140043ac4625400b000000002400c29382
:1094b8002000c48f212840002800c68f494b400f48
:1094c800000000002800c28fff0043302400c29330
:1094d800211062002400c2a31400c28f1400428c21
:1094e800feff0424241844001400c28f140043ac67
:1094f8004625400b0000000084ff02241800c2af7c
:109508004625400b0000000083ff02241800c2af6c
:109518001800c28f21e8c0033400bf8f3000be8f0f
:0c9528003800bd270800e0030000000030
:020000040000fa
:020000041d00dd
:10953400d8ffbd272400bfaf2000beaf1c00b1afd1
:109544001800b0af21f0a0032800c4af2110a00080
:109554003000c6af2c00c2a3308080afce25400bb4
:10956400000000002c00c29342100200ff004230b1
:10957400211840003080828f2a1043002c004010b4
:10958400000000003000c28f060042842310020055
:10959400212040008c47400f000000002180400043
:1095a4003000c28f06004284212040008c47400fc7
:1095b4000000000021184000019d023c21206000b1
:1095c400fc2e458cbc2b400f00000000218840007d
:1095d4003080828f212040008c47400f0000000023
:1095e4002120200221284000bc2b400f0000000055
:1095f400218840002c00c293212040008c47400f5a
:10960400000000002120200221284000f326400f02
:109614000000000021200002212840003521400fd5
:10962400000000001000c2afb925400b000000008c
:109634003000c28f06004284212040008c47400f36
:1096440000000000218040003000c28f06004284e8
:10965400212040008c47400f0000000021184000ea
:10966400019d023c21206000fc2e458cbc2b400f48
:1096740000000000218840003080838f2c00c293ba
:1096840042100200ff0042302310620021204000fb
:109694008c47400f000000002120200221284000b8
:1096a400bc2b400f00000000218840002c00c29316
:1096b400212040008c47400f0000000021202002a0
:1096c40021284000f326400f000000002120000262
:1096d400212840003321400f000000001000c2afd9
:1096e4003000c28f08004284212040008c47400f84
:1096f400000000001000c48f212840003521400fd5
:10970400000000001000c2af3080828f8010020081
:109714002800c38f218062001000c48f6b3e400f6d
:1097240000000000000002ae3080828f010042245d
:10973400308082af2c00c3933080828f2a10430084
:1097440088ff40140000000021e8c0032400bf8ffc
:109754002000be8f1c00b18f1800b08f2800bd27d9
:089764000800e0030000000012
:020000040000fa
:020000041d00dd
:10976c00e0ffbd271c00bfaf1800beaf21f0a00367
:10977c0088bf033c00616294010004240421827cb4
:10978c00006162a488bf033c006162940100042460
:10979c004429827c006162a488bf033c006162940e
:1097ac00010004248431827c006162a488bf033ce4
:1097bc000061629401000424c439827c006162a4bb
:1097cc0088bf033c20616294010004244408827c1d
:1097dc00206162a4b048400f0000000088bf033c29
:1097ec0020616294010004248410827c206162a4b4
:1097fc00b048400f00000000b048400f00000000cf
:10980c0088bf023c1061428cc001427cff00433097
:10981c001000c293c439627c1000c2a388bf023c02
:10982c001061428c8001427cff0043301000c293d7
:10983c008431627c1000c2a388bf023c1061428c50
:10984c004001427cff0043301000c2934429627ceb
:10985c001000c2a388bf023c1061428c0001427c04
:10986c00ff0043301000c2930421627c1000c2a39d
:10987c0088bf033c206162948410027c206162a446
:10988c00b048400f0000000088bf033c2061629488
:10989c00010004248410827c206162a4b048400f33
:1098ac0000000000b048400f0000000088bf023ce0
:1098bc001061428cc001427cff0043301000c29307
:1098cc00c418627c1000c2a388bf023c1061428c99
:1098dc008001427cff0043301000c2938410627cf4
:1098ec001000c2a388bf023c1061428c4001427c34
:1098fc00ff0043301000c2934408627c1000c2a3e6
:10990c0088bf023c1061428c0001427cff00433056
:10991c001000c2930400627c1000c2a388bf033cf9
:10992c00206162948410027c206162a4b048400fd4
:10993c000000000088bf033c006162940421027c9b
:10994c00006162a488bf033c006162944429027cdc
:10995c00006162a488bf033c006162948431027c84
:10996c00006162a488bf033c00616294c439027c2c
:10997c00006162a41000c29321e8c0031c00bf8fd9
:10998c001800be8f2000bd270800e0030000000077
:020000040000fa
:020000041d00dd
:10999c00d8ffbd272400bfaf2000b3af1c00b2af6f
:1099ac001800b1af1400b0af4a00800421808000d1
:1099bc006e008228100040100b00822873004010ab
:1099cc006666023cc0800400019d023cc0c6422475
:1099dc00218002020000028e0400038e2400bf8f3f
:1099ec002000b38f1c00b28f1800b18f1400b08f01
:1099fc000800e0032800bd27eb51023c1f854234d0
:109a0c001800820010100000c39704006666133c17
:109a1c0067667326019d113cc0c6312643110200b6
:109a2c00231052008020020000190200211883002c
:109a3c00802003002118640023180302180073000f
:109a4c0010300000c31f030012004224c01002009b
:109a5c00211051000000448c0400458c831006003a
:109a6c002310430009004224c010020021105100b1
:109a7c000000468c0e1c400f0400478c180013028b
:109a8c0010980000212040002128600083981300ca
:109a9c002390720240101200c090120021905200cc
:109aac0023801202c0801000218811020000268e33
:109abc000e1c400f0400278e2400bf8f2000b38f94
:109acc001c00b28f1800b18f1400b08f0800e00397
:109adc002800bd27238004006e00022a22004010bb
:109aec00eb51023c0b00022a2f004054c0801000a6
:109afc006666023c676642241800020210100000e1
:109b0c00c3271000019d033c10c663248310020080
:109b1c002310440040280200c02002002120a40091
:109b2c000900422423800402c0100200c0801000ef
:109b3c0021104300211803020000448c0400458cc2
:109b4c000000668c0e1c400f0400678c2400bf8f35
:109b5c002000b38f1c00b28f1800b18f1400b08f8f
:109b6c000800e0032800bd271f85423418000202bc
:109b7c0010100000c39710006666133c67667326ce
:109b8c00019d113c8a26400b10c631266766422483
:109b9c001800820010100000c3270400019d033c34
:109bac00c626400bc0c66324019d023c10c642244d
:109bbc00218002020000028e7a26400b0400038ee4
:020000040000fa
:020000041d00dd
:109bcc0000800b3cc2450400ff000831c255050063
:109bdc00ff004a31003a04002538eb00004a05002a
:109bec0025482b012670850024586e01ffff0e2599
:109bfc00fe00c12d3f00201000000000ffff4e258d
:109c0c00fe00c12d53002010000000002b08e900bd
:109c1c000300201400000000423807000100082552
:109c2c0082630900f40180011b00ec00122000008b
:109c3c0010300000ff3f2d311900a4011228000044
:109c4c00803306002b70c5000400c0112330c50002
:109c5c00ffff84242130c9002b70c900f40180015e
:109c6c001b00cc0012380000103000001900a701b6
:109c7c0012280000803306002b70c5000400c011b0
:109c8c002330c500ffffe7242130c9002b70c90029
:109c9c00807304002138ee000200c0100039070068
:109cac000100e7347e000e242370ca0121400e010e
:109cbc00ffff0e25fe00c12d340020100000000017
:109ccc008000e7248000ee2c21400e010272070078
:109cdc000100ce312338ee0040380700423a07002d
:109cec00c07508002538ee002510eb000800e003d5
:109cfc000000000008000015000000002138e700fb
:109d0c000500e010000000002060ec7023400c0106
:109d1c00baff001004388701040048150000000049
:109d2c00217029012f00c01100000000ff00012448
:109d3c00080041110000000012000011000000009a
:109d4c002170e7002700c015000000002200001061
:109d5c000000000008004015000000002148290107
:109d6c001d0020110000000020602c7123504c01bc
:109d7c00a6ff001004488901217029011900c015a3
:109d8c0000000000d9ff001025100b001200001d70
:109d9c000000000001000c24236088012000812dac
:109dac00f8ff20100000000020000e242370cc01ce
:109dbc000440c70102000011063887010200e73495
:109dcc00000008248000ee24bdffc1050000000047
:109ddc00bbff001001000824807f013cc3ff001072
:109dec0025106101c1ff0010c0ff023c0000000003
:020000040000fa
:020000041d00dd
:109dfc00e8ffbd271400bfaf1000beaf21f0a003d9
:109e0c0021200000ffff023c200445340100062401
:109e1c00894b400f00000000212000000900023c8b
:109e2c0000804534a94c400f0000000021200000a8
:109e3c0021280000a54c400f00000000212000004c
:109e4c00294c400f000000002120000021280000b8
:109e5c0021300000a14b400f000000002120000029
:109e6c0021280000c0800634914b400f00000000f8
:109e7c002120000021280000f3800634994b400f6c
:109e8c00000000002120000001000524213000000a
:109e9c00a14b400f00000000212000000100052410
:109eac0000040624914b400f00000000212000000c
:109ebc000100052420040624994b400f00000000eb
:109ecc00212000000200052421300000a14b400f8e
:109edc0000000000212000000200052421300000b9
:109eec00914b400f000000002120000002000524cf
:109efc0021300000994b400f000000002120000091
:109f0c000300052421300000a14b400f000000008d
:109f1c00212000000300052421300000914b400f4c
:109f2c000000000021200000030005240700062487
:109f3c00994b400f00000000212000000400052474
:109f4c0021300000a14b400f000000002120000038
:109f5c000400052421300000914b400f000000004c
:109f6c0021200000040005240f000624994b400f0b
:109f7c000000000021200000050005242130000015
:109f8c00a14b400f0000000021200000050005241b
:109f9c0021300000914b400f0000000021200000f8
:109fac000500052421300000994b400f00000000f3
:109fbc00212000000600052421300000a14b400f99
:109fcc0000000000212000000600052421300000c4
:109fdc00914b400f000000002120000006000524da
:109fec0021300000994b400f0000000021e8c00315
:109ffc001400bf8f1000be8f1800bd270800e003af
:04a00c000000000050
:020000040000fa
:020000041d00dd
:10a01000040000a00200000000000000000200a0f8
:10a020006002000000000000060000a00200000026
:10a0300000000000c80800a04c0000000100000063
:10a0400024f2009d30f2009d30f2009d30f2009d20
:10a050003cf2009d58f2009d6cf2009d84f2009d40
:10a0600094f2009d9cf2009da8f2009dc0f2009d1c
:10a07000d8f2009decf2009df4f2009df4f2009df8
:10a08000f4f2009df4f2009df4f2009d080000a09f
:10a090000c00000000000000600400a07800000038
:10a0a00000000000d80400a08c00000000000000a8
:10a0b000e80600a09001000000000000140000a0cd
:10a0c0001400000000000000640500a01000000063
:10a0d00000000000140900a01000000000000000b3
:10a0e000280000a00c00000000000000740500a083
:10a0f000c800000000000000780800a05000000028
:10a100000100000014df009d5419019d70fa009dac
:10a110002c1a019d9c20019d981a019d7009019d9a
:10a12000cc0e019dfc62009df892009de45b009db9
:10a130006473009d68f6009d3cf7009d9850009d5b
:10a14000708e009d4487009d901e019dec1e019d18
:10a15000000000008c0000a0bc0000000000000017
:10a160003c0600a0ac00000000000000b80100a008
:10a170004400000000000000480100a07000000042
:10a1800001000000b5b4bf57000000008e658633a3
:10a19000caffffff54b7d5e31d170000a76a63f994
:10a1a000977ff9ff6d1e171111111101cc28aaaa72
:10a1b000aaaaaaea5705000000000080b628de6eb1
:10a1c00004000000f9704940b0fdffff9966c6fc2d
:10a1d0000cd00000fd604dd3277dd2ff8158415542
:10a1e00055555505bfb80000000000c03d010000f6
:10a1f00000000080000000a004000000010000003a
:10a20000020000000000000022222222222222223c
:020000040000fa
:020000041d00dd
:10a2100000e85d4100701b4002601a4088ffbd27c6
:10a220007400bbaf00601b406c00baaf7000bbafe6
:10a2300044781b7c00047b3700609b401c00a3af6c
:10a240001800a2af6c00a38f0f00633012006014df
:10a25000000000005c00bfaf5800beaf5400b9afb3
:10a260005000b8af4c00afaf4800aeaf4400adaf48
:10a270004000acaf3c00abaf3800aaaf3400a9af90
:10a280003000a8af2c00a7af2800a6af2400a5afd0
:10a290002000a4af1400a1af0000000012100000c5
:10a2a0006400a2af101800006000a3af21f0a0036b
:10a2b0002120000004000524f94a400f000000009e
:10a2c00088bf023c1061428c0002427cff00423099
:10a2d0002120400088bf023c1061428c4002427c39
:10a2e000ff0042302118400088bf023cd060428c01
:10a2f000c001427cff004230212860002130400034
:10a300006c22400f0000000088bf023c9061428c2c
:10a310000003427cff004230212040006a3b400f96
:10a32000000000001680829701004224ffff4230a7
:10a33000168082a716808297b80b422c0600401424
:10a3400000000000ae0b0224168082a70200042445
:10a35000404a400f00000000010004241f46400f47
:10a360000000000021e8c0036400a28f1300400039
:10a370006000a38f110060006c00a28f0f004230bc
:10a3800014004014000000005c00bf8f5800be8f16
:10a390005400b98f5000b88f4c00af8f4800ae8f7b
:10a3a0004400ad8f4000ac8f3c00ab8f3800aa8fcb
:10a3b0003400a98f3000a88f2c00a78f2800a68f0b
:10a3c0002400a58f2000a48f1c00a38f1800a28f4b
:10a3d0001400a18f0000000000606041c000000078
:10a3e0007400ba8f7000bb8f00709a406c00ba8ff7
:10a3f0007800bd2702609a4000e8dd4100609b4084
:04a4000018000042fe
:020000040000fa
:020000041d00dd
:10a40400d8ffbd272400bfaf2000beaf21f0a003ba
:10a414002800c4af2c00c5af3000c6af3400c7afae
:10a424003400c28f1000c2af2c00c28f0900422c2e
:10a4340066004010000000002c00c28f801802004b
:10a44400019d023c5ca44224211062000000428c65
:10a454000800400000000000aca4009d80a4009d02
:10a46400d8a4009d40a5009dbca5009d70a5009d9d
:10a47400d0a5009dd0a5009d9ca5009d1000c28f75
:10a484000000438c1000c28f100042242120600081
:10a4940021284000070006248738400f00000000f0
:10a4a4007529400b000000001000c28f0000438c8f
:10a4b4001000c28f0800422421206000212840009f
:10a4c400070006243842400f000000007529400ba5
:10a4d400000000003000c28f1400c2af1400c28f0d
:10a4e400000042900000427cff0044301000c38f03
:10a4f400170062900400827c170062a01400c28fcf
:10a50400000042904000427cff0044301000c38fa2
:10a51400170062904408827c170062a01000c28f6a
:10a524000000428c2120400021280000183c400fec
:10a53400000000007529400b000000003000c28fad
:10a54400000043941000c28f260043a41000c28f61
:10a554000000428c2120400021280000183c400fbc
:10a56400000000007529400b000000003000c28f7d
:10a574001800c2af1000c28f01000324200043a0c2
:10a584001800c28f0400438c1000c28f340043ac07
:10a594007529400b000000001000c28f0000428c9f
:10a5a4002120400021280000183c400f000000003a
:10a5b4007529400b000000001000c28f0100032425
:10a5c400210043a07529400b00000000000000009a
:10a5d4000000000021e8c0032400bf8f2000be8fcc
:0ca5e4002800bd270800e0030000000074
:020000040000fa
:020000041d00dd
:10a5f000e0ffbd271c00bfaf1800beaf21f0a003d5
:10a600002000c4af2110a0002800c6af2400c2a3c0
:10a610002800c28f040042901000c2a32800c28ffd
:10a62000010042901b004014000000002000c28f77
:10a63000840040a42000c28fb400428c3400428cbd
:10a640002000c38f1c00648c1000c393212860007d
:10a6500009f8400000000000212040002000c38fc6
:10a66000840062940400827c840062a42000c38f72
:10a670002000c28f84004224212060002128400055
:10a68000020006248738400f00000000ec29400b30
:10a69000000000002800c28f010043900100022446
:10a6a00019006214000000002800c28f02004390cd
:10a6b000030042900012020025104300ffff4230c9
:10a6c0003b004014000000002000c28fb400428c08
:10a6d0002c00428c2000c38f1c00648c1000c3939c
:10a6e0002128600009f84000000000002000c28f0f
:10a6f0002120400021280000183c400f00000000ed
:10a70000ec29400b000000002800c28f010043909c
:10a71000030002241c006214000000002800c28f05
:10a7200002004390030042900012020025104300f3
:10a73000ffff42301e004014000000002800c28fbe
:10a74000040042901000c2a32000c28fb400428ccb
:10a750002800428c2000c38f1c00648c1000c3931f
:10a760002128600009f84000000000002000c28f8e
:10a770002120400021280000183c400f000000006c
:10a78000ec29400b000000002800c28f010043901c
:10a790000c00022406006214000000002000c28f9a
:10a7a0002120400001000524183c400f000000005b
:10a7b00021e8c0031c00bf8f1800be8f2000bd27fa
:08a7c0000800e00300000000a6
:020000040000fa
:020000041d00dd
:10a7c800e0ffbd271c00bfaf1800beaf21f0a003fb
:10a7d8002000c4af2400c5af2800c6af2000c28f38
:10a7e8000b00422c64004010000000002000c28fc3
:10a7f80080180200019d023c14a842242110620026
:10a808000000428c080040000000000080a9009d64
:10a8180080a9009d58a8009d80a9009d54a9009d6d
:10a8280080a9009d80a9009d40a8009d10a9009db9
:10a838002ca9009d90a8009d00a0023ca0044224e1
:10a8480001000324240043a0612a400b00000000fb
:10a8580001000424e945400f00000000040004241e
:10a86800e945400f00000000050004240446400f9d
:10a878000000000000a0023ca00442240f0040a0f9
:10a88800612a400b000000002400c28f1000c2aff4
:10a898001000c28f000043900100022418006214c7
:10a8a80000000000010004240446400f00000000de
:10a8b800040004240446400f00000000050004249e
:10a8c800e945400f0000000000a0023ca00442241b
:10a8d80021200000019d033c04a465242130400090
:10a8e800a441400f0000000000a0023ca004422444
:10a8f800010003240f0043a0612a400b0000000060
:10a90800612a400b0000000000a0023ca004428c19
:10a91800212040007044400f00000000612a400bd5
:10a928000000000000a0023ca004428c212040004e
:10a938005043400f0000000000a0023ca004422445
:10a948000f0040a0612a400b000000000100042411
:10a958000446400f0000000004000424e945400fad
:10a968000000000005000424e945400f0000000035
:10a97800612a400b000000000000000021e8c0032d
:10a988001c00bf8f1800be8f2000bd270800e00301
:04a9980000000000bb
:020000040000fa
:020000041d00dd
:10a99c00f0ffbd270c00beaf21f0a0031000c4af28
:10a9ac001400c5af1800c6af1c00c7af1400c28f8f
:10a9bc001000428cc01002001000c38f21106200e6
:10a9cc000400c2af1c00c38f0100022425006214d6
:10a9dc00000000000400c28f08000324000043a004
:10a9ec001800c28f0000438c1800c28f0400448ce6
:10a9fc001800c28f2000428c2310820021106200ac
:10aa0c0000e0437c0400c28f040043ac1800c28fea
:10aa1c002000428c04004014000000000000c0a77d
:10aa2c00942a400b000000001800c28f2000438cb9
:10aa3c001400c28f040042942b2043000a106400bf
:10aa4c000000c2a71800c28f2000438c0000c297e0
:10aa5c00231862001800c28f200043acb02a400bb0
:10aa6c00000000000400c28f000040a01800c28f3c
:10aa7c000000438c1800c28f2000428c2110620011
:10aa8c0000e0437c0400c28f040043ac1800c28f6a
:10aa9c000400438c1800c28f2000428c23186200e3
:10aaac001400c28f040042942b2043000a1064004f
:10aabc000000c2a70400c28f000042908431027cc7
:10aacc00ff0043300400c28f000043a00400c28f7b
:10aadc00000043901400c28f0c00428cff004230e7
:10aaec0080110200ff00423025106200ff0043304d
:10aafc000400c28f000043a00400c28f0000c39763
:10ab0c00020043a40400c28f0000439080ff022483
:10ab1c0025106200ff0043300400c28f000043a0e8
:10ab2c001400c28f1000428c010043381400c28ff5
:10ab3c00100043ac1400c28f0c00428c010043384f
:10ab4c001400c28f0c0043ac21e8c0030c00be8f74
:0cab5c001000bd270800e003000000000e
:020000040000fa
:020000041d00dd
:10ab6800e0ffbd271c00bfaf1800b2af1400b1afa3
:10ab78001000b0af6e00822c35004010218080009c
:10ab88000b00822c10004010019d023cc080040084
:10ab980010c64224218002020000048e0400058ea3
:10aba800019d023cd8e8468c0e1c400fdce8478c1f
:10abb8001c00bf8f1800b28f1400b18f1000b08f27
:10abc8000800e0032000bd27cccc113ccdcc3136a9
:10abd8001900910010880000019d123c10c65226f1
:10abe800019d023cd8e8468cdce8478cc2881100fd
:10abf80009002226c0100200211052000000448cd7
:10ac08000e1c400f0400458c40201100c088110024
:10ac18002188910023801102ff001032c0801000ab
:10ac2800219012020000468e0400478e2120400029
:10ac38000e1c400f212860001c00bf8f1800b28f27
:10ac48001400b18f1000b08f0800e0032000bd276a
:10ac5800eb51123c1f8552361900920010900000eb
:10ac6800019d113c10c63126019d023cd8e8468c56
:10ac7800dce8478c4291120012004226c010020004
:10ac8800211051000000448c0e1c400f0400458c1c
:10ac98008020120000911200219092008030120052
:10aca8002130460223300602cccc123ccdcc5236a1
:10acb800ff00c6301900d2001030000021204000eb
:10acc80021286000f800c630213026024c00c78ccd
:10acd8000e1c400f4800c68c19001202109000008c
:10ace8002120400021286000c2901200401012006c
:10acf800c09012002190520023801202ff001032ef
:10ad0800c0801000218811020000268e0e1c400f02
:10ad18000400278e1c00bf8f1800b28f1400b18f5b
:0cad28001000b08f0800e0032000bd27e1
:020000040000fa
:020000041d00dd
:10ad3400e8ffbd271400beaf21f0a0031800c4af84
:10ad44001c00c5af2000c6af0500c0a30200c0a709
:10ad54001c00c28f020042900600c2a30400c0a3dc
:10ad64001800c28f1c00428c0000428c00004290ec
:10ad7400feff4224ff004230421002000500c2a33d
:10ad84000500c2930a004010000000001800c28fa2
:10ad940018004290ffff43240500c2931a0062008a
:10ada400f401400010100000121000000400c2a3bf
:10adb4001c00c28f020042900400c3932b10620057
:10adc40044004014000000000600c2930d0040142b
:10add400000000001800c28f1c00428c0000428c4e
:10ade4000800c2af2000c28f0800c38f000043ac2c
:10adf4000800c28f000042900200c2a7b32b400b90
:10ae0400000000001c00c28f040043900500429023
:10ae140000120200251043000c00c2a70100022406
:10ae24000000c2a7ad2b400b000000001800c28f29
:10ae34001c00428c0000438c0000c29740100200aa
:10ae440021106200000042940e00c2a70e00c397b6
:10ae54000c00c29713006214000000001800c28f97
:10ae64001c00438c0000c4970600c29318008200a3
:10ae74001210000080100200211062000000428cb9
:10ae84000800c2af2000c28f0800c38f000043ac8b
:10ae94000800c28f000042900200c2a7b32b400bef
:10aea400000000000000c297010042240000c2a775
:10aeb4000500c293ffff42300000c3972b104300ec
:10aec400daff4010000000000200c297b72b400bcd
:10aed400000000002110000021e8c0031400be8f10
:0caee4001800bd270800e003000000007b
:020000040000fa
:020000041d00dd
:10aef000c23d0400ff00e730c24d0500ff002931cc
:10af000000800a3c003204002530ca0000420500df
:10af100025400a012660850024504c01ffffec24e7
:10af2000fe00812d2100201000000000ffff2c25d5
:10af3000fe00812d36002010000000001900c8001e
:10af40001258000002006011103000000100c634e9
:10af50000300c0040000000040300600ffffe724ab
:10af600082ff2c252138ec00ffffec24fe00812d10
:10af70003a002010000000008000c6248000cc2c85
:10af80002138ec000262060001008c312330cc0035
:10af90004030060042320600c06507002530cc0074
:10afa0002510ca000800e003000000000d00e014b6
:10afb000000000002130c6000500c01000000000a5
:10afc0002058cb702338eb00d8ff00100430660106
:10afd000ff0001241f0021110000000015000010d7
:10afe000000000002160c6001a008015000000006b
:10aff00004002015000000002160080115008011e8
:10b0000000000000ff0001240f00211500000000d7
:10b010000a00201500000000214008010500001171
:10b020000000000020580b7123482b01c3ff0010c3
:10b0300004406801dbff001025100a0021600801b0
:10b040000400801500000000807f013cd5ff001047
:10b0500025104101d3ff0010c0ff023cfaffe01ca5
:10b060000000000001000b24235867012000612d1f
:10b07000f0ff20100000000020000c2423608b0152
:10b08000043886010200e010063066010200c63472
:10b09000000007248000cc24b7ff810500000000d9
:0cb0a000b5ff00100100072400000000b4
:020000040000fa
:020000041d00dd
:10b0ac00e0ffbd271c00bfaf1800beaf21f0a0030e
:10b0bc00211080002400c5af2800c6af2000c2a715
:10b0cc002000c2970300401000000000932c400b9e
:10b0dc00000000002000c2978019020000a0023c72
:10b0ec00a8064224211062001000c2af1000c28fcb
:10b0fc000000428c1400c2af2400c28f0e00032447
:10b10c0009004310000000000f0003243d00431011
:10b11c00000000000d000324280043100000000074
:10b12c00932c400b000000002800c28f00004290be
:10b13c002000423007004014000000001400c48faf
:10b14c0001000524183c400f00000000702c400b3f
:10b15c00000000002800c28f010042901000400443
:10b16c0000000000020043280500601400000000ed
:10b17c00e0ff42240400422c0900401000000000b3
:10b18c002000c297212040001000c58f2800c68fd8
:10b19c000523400f00000000702c400b0000000045
:10b1ac001400c48f01000524183c400f000000005f
:10b1bc0000000000932c400b000000001000c28f18
:10b1cc002000428c0d004010000000001000c28fc7
:10b1dc002000428c2000c4971000c38f2400638c85
:10b1ec0008000524213000002138600009f84000d7
:10b1fc0000000000932c400b00000000932c400b2f
:10b20c00000000001000c28f2000428c0b00401088
:10b21c00000000001000c28f2000428c2000c49758
:10b22c001000c38f2400638c07000524213000001c
:10b23c002138600009f84000000000000000000008
:10b24c0021e8c0031c00bf8f1800be8f2000bd2753
:08b25c000800e00300000000ff
:020000040000fa
:020000041d00dd
:10b264004040050042450800c03a0500427d040004
:10b274002538ef00c03204000080013c2538e1008d
:10b2840002fc09255a002005000000004100212984
:10b294005c0020100000000042300600c07f070060
:10b2a4002530cf004238070000600e3cb4100d3c3e
:10b2b4001a61ad3587640c3c51ed8c35ffff0a24cf
:10b2c40000000b2440500a002b786e0123586e01b5
:10b2d4002b10cf002330cf002b78cd002578e2014e
:10b2e4002330cd002b10ef002338ef002b78ec0037
:10b2f4002578e2010e00e0112338ec0021586e019c
:10b304002b786e012130cd002130cf000200cd100a
:10b31400000000002b78cd002138ec002138ef002c
:10b324000200ec10000000002b78ec0001004a251c
:10b334002a78600121586b012a10c0002130c60010
:10b344002130cf00257802002138e7002138ef00b2
:10b35400ffff2925dbff210500000000ffff01247a
:10b364002650410101004f311200e011000000009d
:10b3740025480b0040580e002b78690123586901b9
:10b38400254806006821063c34c2c6342b10cf0081
:10b394002330cf002b78c9002578e2012330c9007f
:10b3a400254807000fc9073ca2dae7342338ef0029
:10b3b4002338e900fe0308240b00e0040000000029
:10b3c4002a78600121586b012a10c0002130c60080
:10b3d4002130cf00257802002138e7002138ef0022
:10b3e400f5ff0010ffff0825407f0a0025400f01ec
:10b3f400251006002518070025c008000800e003f2
:10b4040000000000ffff082400c0073cf8ff001004
:08b41400000006240000000006
:020000040000fa
:020000041d00dd
:10b41c002540850003000831030000112110800035
:10b42c00380000100000aa900000aa8c0101093c11
:10b43c0001012935c07909002340490124400f013d
:10b44c000700001124600a010500881100000000ab
:10b45c000000a5240000aa902a00001000008424fb
:10b46c000400ab8c00008aac2340690124400f011e
:10b47c000700001124600b0105008811000000007a
:10b48c000400a5240000aa901e00001004008424cf
:10b49c000800aa8c04008bac2340490124400f0106
:10b4ac000700001124600a0105008811000000004b
:10b4bc000800a5240000aa901200001008008424a3
:10b4cc000c00ab8c08008aac2340690124400f01ae
:10b4dc000700001124600b0105008811000000001a
:10b4ec000c00a5240000aa90060000100c00842477
:10b4fc001000aa8c0c008bac10008424ceff001022
:10b50c001000a5240300401500008aa00800e003e9
:10b51c00000000000100ab900300601501008ba03f
:10b52c000800e003000000000200aa900300401590
:10b53c0002008aa00800e003000000000300ab90aa
:10b54c000300601503008ba00800e003000000005e
:10b55c000400aa900300401504008aa00800e00330
:10b56c00000000000500ab900300601505008ba0e7
:10b57c000800e003000000000600aa90030040153c
:10b58c0006008aa00800e003000000000700ab9052
:10b59c000300601507008ba00800e003000000000a
:10b5ac000800aa9008008424d6ff00100800a524e7
:10b5bc00d0ffbd270000bfaf0400a4af992c400ff3
:10b5cc000800a5af254818002540030025380200c7
:10b5dc000800a58f0400a48f2628a9000080013c38
:10b5ec002428a100ffff01244a00211100000000c3
:10b5fc0042370900ff0729310800a5af0c00a6afa0
:10b60c001000a7af1400a8af1800a9af25200700a1
:10b61c0025280800043e400f25300900256018003d
:10b62c0025580300255002001800a98f1400a88f7c
:10b63c001000a78f0c00a68f0800a58f0400a48f04
:10b64c00ffffcd240200ad311c00a0110000000052
:10b65c0025200a0025280b0025300c0005000724a6
:10b66c0000a0083cfe36400f480108251c00a2af84
:10b67c002000a3af2400b8af25200200252803002a
:10b68c00253018001000a78f1400a88f043e400f1f
:10b69c001800a98f25481800254003002538020002
:10b6ac002400ac8f2000ab8f1c00aa8f0c00a68f3f
:10b6bc000800a58f170000100400a48f0400a4af8d
:10b6cc000800a5af0c00a6af1c00aaaf2000abafc2
:10b6dc002400acaf25200a0025280b0025300c00d7
:10b6ec000500072400a0083cfe36400f8001082509
:10b6fc002548180025400300253802002400ac8f93
:10b70c002000ab8f1c00aa8f0c00a68f0800a58f01
:10b71c000400a48fc2220700406d080025208d0074
:10b72c0040680800026b0d002528ad00006d090073
:10b73c002528ad0025100400251805000000bf8f3a
:0cb74c000800e0033000bd2700000000f2
:020000040000fa
:020000041d00dd
:10b75800f0ffbd270c00beaf21f0a0031000c4af5e
:10b768002110a0001400c2a31000c28f050042904f
:10b778000400c2a31000c28f0000428c06004010d3
:10b78800000000000100032417004310000000001f
:10b79800332e400b000000000400c28f8000427c62
:10b7a800ff0042302b1002000000c2a31400c39314
:10b7b8000000c2930a006210000000000400c29357
:10b7c8001400c3938410627c0400c2a31000c28fcb
:10b7d80001000324000043ac332e400b000000009e
:10b7e800332e400b000000000400c28f8000427c12
:10b7f800ff0042302b1002000000c2a31400c393c4
:10b808000000c29326006214000000001000c28fde
:10b818000400429001004224ff0043301000c28f10
:10b82800040043a01000c28f0400439005000224c6
:10b838002b10620022004014000000000400c29394
:10b848001400c393c418627c0400c2a30400c2930a
:10b8580008004230ff00423007004014000000009a
:10b868000400c293010003240400627c0400c2a304
:10b87800242e400b000000000400c29301000324a2
:10b888004408627c0400c2a31000c28f000040acd0
:10b898001000c28f040040a0322e400b00000000b0
:10b8a8001000c28f040040a00400c2931400c39388
:10b8b8008410627c0400c2a3322e400b00000000fa
:10b8c800000000001000c28f0400c393050043a0cd
:10b8d80021e8c0030c00be8f1000bd270800e0035c
:04b8e800000000005c
:020000040000fa
:020000041d00dd
:10b8ec00e0ffbd271c00beaf21f0a0032000c4afb9
:10b8fc002400c5af0000c0af0800c0af2000c28f4d
:10b90c000c00428c0c00c2af2000c28f0000428c95
:10b91c000e004330020002241600621400000000e6
:10b92c002400c28f020043900c00c28f040042908e
:10b93c002b10620022004010000000000c00c28f8f
:10b94c000800428c1e004010000000000c00c28f4a
:10b95c000800438c2400c28f020042908010020029
:10b96c00211062000000428c0000c2af732e400b0d
:10b97c00000000002400c28f020043900c00c28f14
:10b98c00100042902b1062000d00401000000000cf
:10b99c000c00c28f1400428c090040100000000003
:10b9ac000c00c28f1400438c2400c28f0200429002
:10b9bc0080100200211062000000428c0000c2af17
:10b9cc000000c28f23004010000000000000c28f56
:10b9dc000200439003004290001202002510430025
:10b9ec00ffff42300400c2af2400c28f0600439018
:10b9fc00070042900012020025104300ffff423066
:10ba0c00211840000400c28f2b1062000800401067
:10ba1c00000000002400c28f0600439007004290f3
:10ba2c000012020025104300ffff42300400c2af99
:10ba3c000400c28f0900422c0600401400000000d4
:10ba4c000400c28ff8ff42240800c2af0800022491
:10ba5c000400c2af21e8c0031c00be8f2000bd272c
:08ba6c000800e00300000000e7
:020000040000fa
:020000041d00dd
:10ba7400e0ffbd271c00bfaf1800beaf21f0a0033c
:10ba84002000c4af1400c0a321f8000000800240cd
:10ba940021f84000f8ff03242410e30303005f347b
:10baa40000809f4088bf023c1f4d400f004044343b
:10bab4002d004010000000002000c38fc901023c8b
:10bac40081c342342b1062000300401000000000c8
:10bad400cb2e400b1000c0af2000c38f9303023c59
:10bae400018742342b106200040040100000000063
:10baf40001000224cb2e400b1000c2af2000c38fe4
:10bb0400c404023c01b442342b106200040040100f
:10bb14000000000002000224cb2e400b1000c2af34
:10bb2400030002241000c2afc04b400f21200000cc
:10bb3400010042302b1002001400c2a31000c28f77
:10bb440088bf033c004064341f4c400f2128400050
:10bb54001400c2930400401000000000774b400f13
:10bb6400212000001400c0a3c04b400f212000007e
:10bb7400010042302b1002001400c2a388bf023c13
:10bb8400214d400f004044340500401000000000e7
:10bb940088bf023c00404434244c400f0300052479
:10bba40088bf023c1d4d400f002044340500401066
:10bbb4000000000088bf023c00204434154c400fb4
:10bbc400212800001400c29303004010000000006c
:10bbd400774b400f2120000021e8c0031c00bf8fd9
:10bbe4001800be8f2000bd270800e00300000000fd
:020000040000fa
:020000041d00dd
:10bbf4000f000000405088bf000000003900000022
:10bc04000200000001000000000400a00000000089
:10bc1400000000000000000000000000010000001f
:10bc24000100000001000000020000000100020009
:10bc34000000000020bc009d4030019d1201000264
:10bc440002000008d8040a000001010200010000fb
:10bc540009024300020100c032090400000102028b
:10bc64000100052400200104240202052406000129
:10bc740005240100010705810310000209040100e5
:10bc8400020a0000000705020240000007058202c4
:10bc94004000000054bc009d0403090434034d001b
:10bca4006900630072006f0063006800690070003f
:10bcb400200054006500630068006e006f006c0093
:10bcc4006f0067007900200049006e0063002e00b9
:10bcd4002e03530069006d0070006c0065002000a5
:10bce40043004400430020004400650076006900de
:10bcf400630065002000440065006d006f000000d3
:10bd04009cbc009da0bc009dd4bc009d40bc009d7b
:10bd14000100000098bc009d00000000000000002d
:10bd2400000000000300000004bd009d00000000ae
:10bd340000000000000000000f00000000000000f0
:10bd440000000000000000000000000000000000ef
:10bd5400010000002cbc009d10bd009d02000000ed
:0cbd64000000000000000000780800a0b3
:020000040000fa
:020000041d00dd
:10bd700000e85d4100701b4002601a4088ffbd274b
:10bd80007400bbaf00601b406c00baaf7000bbaf6b
:10bd900044781b7c00047b3700609b401c00a3aff1
:10bda0001800a2af6c00a38f0f0063301200601464
:10bdb000000000005c00bfaf5800beaf5400b9af38
:10bdc0005000b8af4c00afaf4800aeaf4400adafcd
:10bdd0004000acaf3c00abaf3800aaaf3400a9af15
:10bde0003000a8af2c00a7af2800a6af2400a5af55
:10bdf0002000a4af1400a1af00000000121000004a
:10be00006400a2af101800006000a3af21f0a003ef
:10be100088bf033c206062940400027c206062a41e
:10be2000212000000c000524f94a400f000000000a
:10be30001344400f0000000088bf033c2060629460
:10be4000010004240400827c206062a421e8c00375
:10be50006400a28f130040006000a38f11006000f7
:10be60006c00a28f0f00423014004014000000004c
:10be70005c00bf8f5800be8f5400b98f5000b88f40
:10be80004c00af8f4800ae8f4400ad8f4000ac8fa8
:10be90003c00ab8f3800aa8f3400a98f3000a88fe8
:10bea0002c00a78f2800a68f2400a58f2000a48f28
:10beb0001c00a38f1800a28f1400a18f00000000a7
:10bec00000606041c00000007400ba8f7000bb8f3a
:10bed00000709a406c00ba8f7800bd2702609a40cb
:0cbee00000e8dd4100609b4018000042bb
:020000040000fa
:020000041d00dd
:10beec00e0ffbd271c00bfaf1800beaf21f0a003c0
:10befc002000c4af2400c5af2110c0002800c2a789
:10bf0c001000c0a31100c0a32000c28f1400c2af48
:10bf1c001200c0a31100c0a30c30400b00000000a5
:10bf2c001100c293ffff43302800c297c2100200d9
:10bf3c00ffff42300c006214000000002800c29782
:10bf4c00ff0043301100c293212000002310820017
:10bf5c00c0100200ff004230211062001200c2a388
:10bf6c00df2f400b00000000080002241200c2a3c7
:10bf7c007d3a400f00000000ae000424a43b400fab
:10bf8c000000000001004238ff004230f8ff40146e
:10bf9c00000000002400c28fff0043301100c29348
:10bfac00c0100200ff00423021106200ff0042303e
:10bfbc0021204000a43b400f000000001000c0a353
:10bfcc000230400b000000001000c3931100c2931c
:10bfdc00c0100200211062001400c38f21106200f7
:10bfec000000429021204000a43b400f00000000c4
:10bffc001000c293010042241000c2a31000c3938e
:10c00c001200c2932b106200efff401400000000de
:10c01c00d343400f000000001100c29301004224e2
:10c02c001100c2a31100c293ffff43302800c29736
:10c03c00c2100200ffff42302b104300b8ff40102b
:10c04c000000000021e8c0031c00bf8f1800be8f49
:0cc05c002000bd270800e00300000000e9
:020000040000fa
:020000041d00dd
:10c06800e8ffbd271400bfaf1000beaf21f0a0034a
:10c0780088bf033c006162940400027c006162a4f2
:10c0880088bf033c006162944408027c006162a49a
:10c0980088bf033c006162948410027c006162a442
:10c0a80088bf033c00616294c418027c006162a4ea
:10c0b80088bf033c206162948410027c206162a4e2
:10c0c800010004240f47400f0000000088bf033c14
:10c0d800206162940400027c206162a488bf033c52
:10c0e800206162944408027c206162a43200042426
:10c0f8009343400f0000000003000424f43a400f6b
:10c1080000000000060004249343400f00000000d4
:10c1180003000424f43a400f000000000600042441
:10c128009343400f0000000003000424f43a400f3a
:10c1380000000000060004249343400f00000000a4
:10c1480002000424f43a400f0000000021200000ff
:10c15800280005245b3f400f00000000280004244d
:10c168000f47400f00000000212000000c000524ac
:10c178005b3f400f00000000280004240f47400fd9
:10c188000000000021200000010005245b3f400f53
:10c1980000000000020004249343400f0000000048
:10c1a80021200000060005245b3f400f000000002e
:10c1b800280004240f47400f0000000021e8c003b6
:10c1c8001400bf8f1000be8f1800bd270800e003c1
:04c1d8000000000063
:020000040000fa
:020000041d00dd
:10c1dc00d8ffbd272400bfaf2000beaf1c00b1affd
:10c1ec001800b0af21f0a0032800c4af2110a000ac
:10c1fc003000c6af2c00c2a3288080afc530400be6
:10c20c00000000003000c28f060042842120400054
:10c21c000945400f0000000021804000218860008b
:10c22c002880828f212040008c47400f00000000a6
:10c23c0021184000019d023c21206000f42e458c09
:10c24c00bc2b400f0000000021184000019d023c57
:10c25c0021206000f82e458cf326400f00000000d2
:10c26c00212040000e40400f000000002120400023
:10c27c00212860006f2d400f0000000021200002db
:10c28c002128200221304000213860000e1c400f74
:10c29c000000000021804000218860003000c28f27
:10c2ac0008004284212040000945400f0000000096
:10c2bc00212000022128200221304000213860007a
:10c2cc002212400f000000002120400021286000b5
:10c2dc00c738400f000000001000c2af2880828fca
:10c2ec00801002002800c38f218062001000c48fd0
:10c2fc006b3e400f00000000000002ae2880828fd1
:10c30c0001004224288082af2880828f640042285a
:10c31c00bcff40140000000021e8c0032400bf8fc4
:10c32c002000be8f1c00b18f1800b08f2800bd27d5
:08c33c000800e003000000000e
:020000040000fa
:020000041d00dd
:10c34400211080005600c0100c00ca2c4d0040156e
:10c354002618a40003006330233804002900601069
:10c364000300e7300600e0102330c7000000a39864
:10c374000300a3882128a700000083b82120870098
:10c384000f00c3302338c3001100e01021306000d7
:10c394002138e5000000a3980300a3880400a898ae
:10c3a4000700a8880800a9980b00a9880c00aa987f
:10c3b4000f00aa88000083ac040088ac080089ac94
:10c3c4001000a52410008424f2ffa714fcff8aacfb
:10c3d4000300c3302338c3002a00e010213060007a
:10c3e4002138e5000000a3980300a3880400a524d5
:10c3f40004008424fbffa714fcff83ac210000107d
:10c40400000000000500e0102330c7000000a398de
:10c414002128a700000083b8212087000f00c33023
:10c424002338c3000d00e010213060002138e500fe
:10c434000000a38c0400a88c0800a98c0c00aa8c12
:10c44400000083ac040088ac080089ac1000a5246b
:10c4540010008424f6ffa714fcff8aac0300c33049
:10c464002338c3000700e010213060002138e500c4
:10c474000000a38c0400a52404008424fcffa7145a
:10c48400fcff83ac0600c0102138c5000000a39057
:10c494000100a52401008424fcffa714ffff83a04e
:08c4a4000800e00300000000a5
:020000040000fa
:020000041d00dd
:10c4ac00c0ffbd273c00bfaf3800beaf21f0a003da
:10c4bc004000c4af2000c0a74000c28f7c00428c5b
:10c4cc002400c2af2800c0a32900c0a32c00c0af19
:10c4dc002400c28f0200439003004290001202001d
:10c4ec00251043003000c2a77931400b000000003a
:10c4fc002400c28f010042903200c2a33200c393c9
:10c50c00040002240e006214000000002c00c0afd6
:10c51c002400c28f020042902800c2a32400c28fc4
:10c52c00030042902900c2a32800c293212040009e
:10c53c004000c58fe435400f000000002c00c2af56
:10c54c002c00c28f19004010000000002c00c28f7c
:10c55c001000428c3400c2af3400c28f1300401064
:10c56c00000000003400c28f0000428c2c00c38fee
:10c57c000800638cffff64304000c58f2c00c38f14
:10c58c000c00668c2800c3932900c7931000a7af3a
:10c59c003200c7931400a7af2400c78f1800a7afb1
:10c5ac002138600009f84000000000002400c28f10
:10c5bc0000004290211840002000c2972110620018
:10c5cc002000c2a72400c28f000042902400c38f19
:10c5dc00211062002400c2af2000c3973000c29724
:10c5ec002b106200c2ff40140000000021e8c003c1
:10c5fc003c00bf8f3800be8f4000bd270800e00311
:04c60c00000000002a
:020000040000fa
:020000041d00dd
:10c61000000000000000f03f9a9999999999b93f5c
:10c620007b14ae47e17a843ffca9f1d24d62503fc2
:10c630002d431cebe2361a3ff168e388b5f8e43e7f
:10c640008dedb5a0f7c6b03e48afbc9af2d77a3ea2
:10c650003a8c30e28e79453e95d626e80b2e113e77
:10c66000bbbdd7d9df7cdb3d2342920ca19cc73bed
:10c67000a0c2ebfe4b48b4399c577727266ca137f4
:10c680001fb8d44a7aee8d3526a6acaa04b6793303
:10c690009d358f1de915663123614d17acf8522f7a
:10c6a0006f0e9984d94b402d30058ee42eff2b2b35
:10c6b000acf74e15927e681659f3f8c21f6ea501ad
:10c6c000000000000000f03f0000000000002440d7
:10c6d00000000000000059400000000000408f40b2
:10c6e000000000000088c34000000000006af8401d
:10c6f0000000000080842e4100000000d012634141
:10c700000000000084d797410000000065cdcd41b6
:10c71000000000205fa00242408cb5781daf154498
:10c72000ea8ca039593e2946a55cc3f129633d48ee
:10c730009a647ec50e1b514a44f3c2e4e4e9634c9b
:10c740003dc7ddd6ba2e774e5ffbf051effc8a5025
:10c75000c75929090f6b9f527dc39425ad49b25427
:10c760005a62d7d718e774699c7500883ce4377e15
:020000040000fa
:020000041d00dd
:10c77000d8ffbd272400bfaf2000beaf21f0a0032b
:10c780002800c4af2c00c5af2110c0003000c2a3e8
:10c790001900c0a31c00c0af1800c0a3f531400ba6
:10c7a000000000001800c2932800c38f211062000f
:10c7b00000004380570002240300621400000000c0
:10c7c0001800c2931900c2a31800c29301004224aa
:10c7d0001800c2a31800c39300a0023ca004422486
:10c7e0003400428c2b104300eeff4010000000008c
:10c7f0001900c293040042242800c38f2110620054
:10c800001900c393030063242800c48f21188300f8
:10c8100000006380000043a01900c293030042247b
:10c820002800c38f211062001900c3930200632403
:10c830002800c48f2118830000006380000043a0fb
:10c840001900c293020042242800c38f2110620005
:10c850001900c393010063242800c48f21188300aa
:10c8600000006380000043a01900c293010042242d
:10c870002800c38f2110620050000324000043a051
:10c8800000a0023ca00442243400428c0100422457
:10c89000010003241000a3af2120000000a0033cee
:10c8a000bc0465242800c68f213840001d15400fa8
:10c8b0000000000021e8c0032400bf8f2000be8fcd
:0cc8c0002800bd270800e0030000000075
:020000040000fa
:020000041d00dd
:10c8cc0000e85d4100701b4002601a4088ffbd27e4
:10c8dc007400bbaf00601b406c00baaf7000bbaf04
:10c8ec0044781b7c00107b3700609b401c00a3af7e
:10c8fc001800a2af6c00a38f0f00633012006014fd
:10c90c00000000005c00bfaf5800beaf5400b9afd0
:10c91c005000b8af4c00afaf4800aeaf4400adaf65
:10c92c004000acaf3c00abaf3800aaaf3400a9afad
:10c93c003000a8af2c00a7af2800a6af2400a5afed
:10c94c002000a4af1400a1af0000000012100000e2
:10c95c006400a2af101800006000a3af21f0a00388
:10c96c0000a0023c000242240800428c212040001e
:10c97c00c03c400f0000000021e8c0036400a28fff
:10c98c00130040006000a38f110060006c00a28fa8
:10c99c000f00423014004014000000005c00bf8ff8
:10c9ac005800be8f5400b98f5000b88f4c00af8f19
:10c9bc004800ae8f4400ad8f4000ac8f3c00ab8f75
:10c9cc003800aa8f3400a98f3000a88f2c00a78fb5
:10c9dc002800a68f2400a58f2000a48f1c00a38ff5
:10c9ec001800a28f1400a18f0000000000606041ad
:10c9fc00c00000007400ba8f7000bb8f00709a40aa
:10ca0c006c00ba8f7800bd2702609a4000e8dd41c7
:08ca1c0000609b40180000427d
:020000040000fa
:020000041d00dd
:10ca2400d8ffbd272400bfaf2000beaf1c00b1afac
:10ca34001800b0af21f0a0032800c4af2110a0005b
:10ca44003000c6af2c00c2a3348080afd232400b7a
:10ca5400000000003000c28f060042842310020050
:10ca6400212040008c47400f00000000218040003e
:10ca74003000c28f06004284212040008c47400fc2
:10ca84000000000021204000212840003521400ff3
:10ca940000000000218840003480828f2120400063
:10caa4008c47400f00000000212020022128400074
:10cab400bc2b400f00000000218840002c00c293d2
:10cac400212040008c47400f00000000212020025c
:10cad40021284000f326400f00000000212000021e
:10cae400212840003521400f000000001000c2af93
:10caf4003000c28f08004284212040008c47400f40
:10cb0400000000001000c48f212840003521400f90
:10cb1400000000001000c2af3480828f8010020039
:10cb24002800c38f218062001000c48f6b3e400f29
:10cb340000000000000002ae3480828f0100422415
:10cb4400348082af2c00c3933480828f2a10430038
:10cb5400c0ff40140000000021e8c0032400bf8f80
:10cb64002000be8f1c00b18f1800b08f2800bd2795
:08cb74000800e00300000000ce
:020000040000fa
:020000041d00dd
:10cb7c00d8ffbd272400bfaf2000beaf21f0a0031b
:10cb8c002800c4af2800c28f1000c2af1000c28fa3
:10cb9c001400428c1400c2af1400c28f8c004224cb
:10cbac001800c2af1000c28f0800438cfeff022495
:10cbbc0003006214000000002c33400b0000000046
:10cbcc001400c28f0000428cc001427cff00423036
:10cbdc0016004010000000001400c28fb400428cfc
:10cbec000c00428c1400c38f1c00648c1400c38f87
:10cbfc00740063902128600009f8400000000000d8
:10cc0c001400c38f00006294c439027c000062a43b
:10cc1c001400c38f03006290040004240410827c6f
:10cc2c00030062a02233400b000000001400c28fee
:10cc3c000000428c0002427cff0042300f0040108a
:10cc4c00000000001400c38f000062940442027cb8
:10cc5c00000062a41400c28fb400428c4c00428cc1
:10cc6c001400c38f1c00648c1400c38f02006390eb
:10cc7c002128600009f84000000000001000c28f5d
:10cc8c000800428c07004014000000001000c28f06
:10cc9c000400428c03004014000000001800c28ff6
:10ccac00000040a021e8c0032400bf8f2000be8fed
:0cccbc002800bd270800e0030000000075
:020000040000fa
:020000041d00dd
:10ccc800e0ffbd271c00bfaf1800beaf21f0a003d6
:10ccd800211080002000c2a380bf023c00544434cd
:10cce800fd4c400f000000000a004010000000004a
:10ccf80080bf023c00544434fa4c400f000000004e
:10cd08001000c2a380bf023c00544434a14c400f21
:10cd18000000000080bf023c00544434794c400fae
:10cd28000000000080bf023c00544434854c400f92
:10cd3800000000000000000080bf023c00544434a2
:10cd4800f74c400f0000000001004238ff0042305d
:10cd5800f9ff40140000000080bf023c0054443436
:10cd6800fa4c400f000000001000c2a300000000b1
:10cd780080bf023c005444349d4c400f000000002a
:10cd880001004238ff004230f9ff40140000000063
:10cd98002000c293080040100000000080bf023c41
:10cda8000054443401000524b04a400f000000003c
:10cdb8007533400b0000000080bf023c005444342f
:10cdc80021280000b04a400f0000000000000000c9
:10cdd80080bf023c005444349d4c400f00000000ca
:10cde80001004238ff004230f9ff40140000000003
:10cdf8001000c29321e8c0031c00bf8f1800be8f2b
:0cce08002000bd270800e003000000002f
:020000040000fa
:020000041d00dd
:10ce1400e0ffbd271c00bfaf1800b1af1400b0afd6
:10ce24000c00a29402004330480060102180a0004e
:10ce3400000243301c0060100400a38c000245343f
:10ce44000c0005a61c006010ff0091300a000424a9
:10ce54001f002412800042301000028e360062103f
:10ce6400010063240000028e01004424000004ae8b
:10ce7400040003ae000051a00100032400a0023c02
:10ce8400f80143a00a000224180022520c00039661
:10ce9400211020021c00bf8f1800b18f1400b08f26
:10cea4000800e0032000bd27280060140002453478
:10ceb4000c0005a6ff0091300800048e000004aeab
:10cec4000a000424e5ff24561000028e800042303c
:10ced400e2ff40541000028e0d0004248533400ffd
:10cee400212800029733400b0400038e00016330b5
:10cef400e8ff60100a0002240e0004960800058e64
:10cf04005741400f0400068e0400038e0600435070
:10cf14000800038e0c000296ffff112430004234f7
:10cf24000c0002a60800038e040000ae21102002ab
:10cf3400a633400b000003ae2024117c0735400fbc
:10cf440021280002a733400b1c00bf8fa633400bdf
:04cf5400ffff0224b5
:020000040000fa
:020000041d00dd
:10cf5800e8ffbd271400bfaf1000beaf21f0a0034b
:10cf680080bf023c005e4434b14c400f000000001a
:10cf780080bf023c005e4434c248400f00000000fd
:10cf880080bf023c005e4434b54c400f00000000f6
:10cf980080bf023c005e443401000524bb4a400fb8
:10cfa8000000000080bf023c005e443421280000dd
:10cfb800804b400f0000000021200000584a400f1d
:10cfc8000000000080bf033c005e6434212840005c
:10cfd8003101023c002d46346348400f0000000038
:10cfe80080bf023c005e4434212800002e4c400fd4
:10cff8000000000080bf023c005e443401000524ac
:10d00800384c400f0000000080bf023c005e4434f2
:10d0180021280000334c400f0000000080bf023c74
:10d02800005e4434b94c400f0000000080bf023c51
:10d03800005e4434c14c400f0000000080bf023c39
:10d04800005e4434bd4c400f0000000080bf023c2d
:10d05800005e4434ad4c400f0000000080bf023c2d
:10d06800005e428c808082af80bf023c305e428c82
:10d07800848082af21e8c0031400bf8f1000be8fe8
:0cd088001800bd270800e00300000000b5
:020000040000fa
:020000041d00dd
:10d09400d8ffbd272400bfaf2000beaf21f0a003fe
:10d0a4002800c4af2110a0003000c6af2c00c2a3da
:10d0b4002800c28f8c0042241000c2af2c00c293ff
:10d0c400212040002800c58fe435400f00000000f7
:10d0d4001400c2af1400c28f2e00401000000000e4
:10d0e4001400c28f1000428c230040100000000086
:10d0f4001400c28f1000428c1800c2af1800c28ff7
:10d104000800428c15004010000000001800c28f77
:10d114000800438c1000c28f0c0043ac1400c28f73
:10d124000800428cffff43301000c28f040043a468
:10d134001000c28f0c00428c1000c38f0400639453
:10d14400212060000e0005243000c68f09f840003d
:10d15400000000006b34400b000000002800c48f66
:10d164000e0005243000c68f3940400f0000000037
:10d174006b34400b000000002800c48f0e0005240f
:10d184003000c68f3940400f000000006b34400b64
:10d19400000000002800c28f212040000100052467
:10d1a400183c400f0000000021e8c0032400bf8f9a
:10d1b4002000be8f2800bd270800e0030000000007
:020000040000fa
:020000041d00dd
:10d1c400d8ffbd272400bfaf2000beaf21f0a003cd
:10d1d4002800c4af2800c28f1400428c80190200ba
:10d1e40000a0023ca8064224211062001000c2af35
:10d1f4002800c28f1400c2af2800c28f0400428ce2
:10d204001800c2af2800c28f0800428c06004010ec
:10d21400000000002800c28f0800438c0100022493
:10d2240004006214000000001c00c0afa234400bd4
:10d23400000000002800c28f0800438cfdff022478
:10d2440005006214000000009eff02241c00c2af0f
:10d25400a234400b000000002800c28f0800438c59
:10d26400fcff022405006214000000009fff02245a
:10d274001c00c2afa234400b00000000a0ff022437
:10d284001c00c2af1000c28f3800428cffff432441
:10d294001000c28f380043ac1000c28f2000428cb3
:10d2a4000c004010000000001000c28f2000428ccf
:10d2b4002800c38f1400648c1000c38f2400638c77
:10d2c4001400c627050005242138600009f8400031
:10d2d4000000000021e8c0032400bf8f2000be8f9f
:0cd2e4002800bd270800e0030000000047
:020000040000fa
:020000041d00dd
:10d2f000d8ffbd272400bfaf2000beaf21f0a003a0
:10d300002800c4af2800c28f1400428c801902008c
:10d3100000a0023ca8064224211062001000c2af07
:10d320002800c28f1400c2af2800c28f0400428cb4
:10d330001800c2af2800c28f0800428c06004010bf
:10d34000000000002800c28f0800438c0100022466
:10d3500004006214000000001c00c0afed34400b5c
:10d36000000000002800c28f0800438cfdff02244b
:10d3700005006214000000009eff02241c00c2afe2
:10d38000ed34400b000000002800c28f0800438ce1
:10d39000fcff022405006214000000009fff02242d
:10d3a0001c00c2afed34400b00000000a0ff0224bf
:10d3b0001c00c2af1000c28f3400428cffff432418
:10d3c0001000c28f340043ac1000c28f2000428c8a
:10d3d0000c004010000000001000c28f2000428ca2
:10d3e0002800c38f1400648c1000c38f2400638c4a
:10d3f0001400c627040005242138600009f8400005
:10d400000000000021e8c0032400bf8f2000be8f71
:0cd410002800bd270800e0030000000019
:020000040000fa
:020000041d00dd
:10d41c00e8ffbd271400bfaf1000b0af2180a00003
:10d42c000c00a294400043301c0060141800a4a30c
:10d43c00020043303d006050300042341000a38c99
:10d44c001b0060500e00a4940800a58c2d00a05069
:10d45c0000a0053c0400068e5741400f0e000496b8
:10d46c000800028e1800a38301004424ffff05244a
:10d47c00040005ae000004ae000043a01800a28317
:10d48c000a000324130043500c0003961400bf8fb2
:10d49c001000b08f0800e0031800bd272014047c96
:10d4ac001400bf8f1000b08f0800e0031800bd27d8
:10d4bc001800a5275741400f01000624040000aeb8
:10d4cc001800a2831400bf8f1000b08f0800e00377
:10d4dc001800bd2700016330edff60101400bf8ff2
:10d4ec000e0004960800058e5741400f0400068e6e
:10d4fc000800038e1800a283040000ae2635400bf2
:10d50c00000003aeb801a524200003240800423417
:10d51c00080005ae000005ae100003ae040003ae1b
:10d52c000c0002a61935400b200006240c00a2a406
:0cd53c000400a0ac2635400bffff0224c9
:020000040000fa
:020000041d00dd
:10d54800feff092440500500405807002558640193
:10d558002558660125504b010300401500000000c6
:10d568003c0000100000022402008010404005002a
:10d5780001000825e0ff013c010021342b080101ce
:10d5880037002010000000000200c01040400700d3
:10d5980001000825e0ff013c010021342b080101ae
:10d5a8002f002010000000001600a1040000000059
:10d5b8000300e0040000000026000010ffff022422
:10d5c8002b508600232086002b58aa002328aa0067
:10d5d8002b50a70025504b01030040112328a7001a
:10d5e8001c000010010002242550a4000300401173
:10d5f8000000000017000010ffff022415000010b3
:10d60800000002240300e1040000000011000010e3
:10d61800010002242b508600232086002b58aa00e4
:10d628002328aa002b50a70025504b0103004011c6
:10d638002328a70007000010ffff02242550a4009c
:10d648000300401100000000020000100100022445
:10d65800000002240800e0030000000000000000b1
:0cd66800fcff001025100900000000006d
:020000040000fa
:020000041d00dd
:10d67400e8ffbd271400bfaf1000beaf21f0a00328
:10d684001800c4af212000005c47400f00000000d8
:10d6940021200000212800004a49400f000000001a
:10d6a400d14a400f00000000212040009d2e400f71
:10d6b40000000000b149400f00000000d247400fb5
:10d6c40000000000fd3e400f000000002c3f400f12
:10d6d4000000000021200000019d023cf4bb452411
:10d6e400691e400f000000002118400000a0023c09
:10d6f40000024224080043ac212000002d00052430
:10d7040004000624e847400f000000002120000028
:10d714002d000524213000004f48400f0000000078
:10d724007f27400f00000000334a400f0000000034
:10d7340021200000019d023c3cbd4524de1f400f1a
:10d74400000000002118400000a0023c0002422416
:10d754000c0043ac0060024001004234006082408f
:10d76400c00000004738400f00000000db4a400fb3
:10d774000000000021e8c0031400bf8f1000be8f1a
:0cd784001800bd270800e00300000000b2
:020000040000fa
:020000041d00dd
:10d79000e8ffbd271400beaf21f0a00321108000d8
:10d7a0001c00c5af1800c2a31c00c28f1000429419
:10d7b0000800c2a71c00c28f1400428c0400c2af34
:10d7c0001c00c28f0000428c4010427cff0042309f
:10d7d0000a00c2a31c00c28f750042900b00c2a3b6
:10d7e0000000c0a31f36400b000000000400c28fe1
:10d7f0000000438c0a00c2932410620019004010fc
:10d80000000000000400c28f040042900b00c3938c
:10d8100014006214000000000400c28f0500429052
:10d820001800c3932b1062000e004014000000008b
:10d830001800c3930400c28f0500429021204000cd
:10d840000400c28f06004290211082002a1062005c
:10d8500004004010000000000400c28f2636400b78
:10d86000000000000400c28f140042240400c2af74
:10d870000000c293010042240000c2a30000c29332
:10d88000ffff42300800c3972b104300d7ff40141e
:10d89000000000002110000021e8c0031400be8f2a
:0cd8a0001800bd270800e0030000000095
:020000040000fa
:020000041d00dd
:10d8ac00e0ffbd271c00bfaf1800beaf21f0a003e6
:10d8bc00211080002000c2a72000c2970300401056
:10d8cc00000000006c36400b000000002000c397e5
:10d8dc0000a0023c80190300a8064224211062001b
:10d8ec000000428c1000c2af2000c29780190200c9
:10d8fc0000a0023ca806422421106200060042242b
:10d90c001400c2af1000c48f1400c58feb44400f3d
:10d91c00000000002000c297801102000600432482
:10d92c0000a0023ca80642242110620006004224fa
:10d93c001400c2af1000c48f1400c58feb44400f0d
:10d94c00000000002000c297801102001000432448
:10d95c0000a0023ca80642242110620004004224cc
:10d96c001400c2af1000c48f1400c58feb44400fdd
:10d97c00000000002000c297801102001600432412
:10d98c0000a0023ca806422421106200040042249c
:10d99c001400c2af1000c48f1400c58feb44400fad
:10d9ac000000000021e8c0031c00bf8f1800be8fd0
:0cd9bc002000bd270800e0030000000070
:020000040000fa
:020000041d00dd
:10d9c8002053696e7573000000000000000000001d
:10d9d800000000000020547269616e676c650000e9
:10d9e800000000000000000000002044656e744440
:10d9f8006553636965000000000000000000002016
:10da08004361727265000000000000000000000021
:10da180000000000466f726d65203d25313073208f
:10da28000000000046726571205b487a5d203d2049
:10da38002534642020000000416d706c205b6d5619
:10da48005d203d20253564004f6666736574205b54
:10da58006d565d203d2025346400000073617576a5
:10da6800656761726465203f00000000286170707e
:10da7800756965206c6f6e672900000053617576c3
:10da8800656761726465204f4b202100536175768c
:10da980065676172646520414e4e554c45450000ee
:10daa80023000000200000002a0000003f000000c2
:10dab80046726571205b487a5d203d2025346420dc
:10dac80000000000416d706c205b6d565d203d20ac
:08dad800253564202000000048
:020000040000fa
:020000041d00dd
:10dae000d0ffbd272c00bfaf2800beaf21f0a003a0
:10daf0003000c4af1000c0a33000c28f0000428cc1
:10db00004010427cff0042301800c2af3000c28f8c
:10db1000750042901c00c2a73000c28f10004294d2
:10db20001e00c2a73000c28f1400428c1400c2af86
:10db30001000c0a3f236400b000000001400c28f9a
:10db40000000438c1800c28f24106200180040109f
:10db5000000000001400c28f040042901c00c39714
:10db600013006214000000001400c28f1000428ce9
:10db70002000c2af2000c28f0d0040100000000046
:10db80002000c28f0400428c0900401000000000f9
:10db90002000c28f0400428c1400c38f0800638ce5
:10dba000ffff63302120600009f840000000000002
:10dbb0001400c28f140042241400c2af1000c2939c
:10dbc000010042241000c2a31000c293ffff4230a4
:10dbd0001e00c3972b104300d8ff40140000000024
:10dbe00021e8c0032c00bf8f2800be8f3000bd2766
:08dbf0000800e0030000000042
:020000040000fa
:020000041d00dd
:10dbf800fe030924234826012000212d05002014b6
:10dc0800000000002520050000000524faff80140c
:10dc1800e0ff29250800201100000000255005001c
:10dc2800062024010628250120000c242348890108
:10dc380004502a0125208a0000000a8d04000825c6
:10dc480000000b8d040008251900aa0010500000e0
:10dc58001900ab00124800001030000021504901a3
:10dc68002b6049012130cc0019008b0010480000be
:10dc7800215049012b604901050061052130cc0084
:10dc88002b604401235044012330cc002330c500cd
:10dc9800255806000000098d040008250000068d9f
:10dca80004000825215049012b60490121586601cb
:10dcb80021586c01ffffe724e3ffe10400000000a6
:10dcc80006006005ff0306242a60400121504a012e
:10dcd80021586b0121586c01ffffc62425200a003a
:10dce80025280b00251004002518050025c006006e
:0cdcf8000800e003000000000000000035
:020000040000fa
:020000041d00dd
:10dd0400e8ffbd271400beaf21f0a0031800c4af84
:10dd14002110a0002000c6af1c00c2a30000c0a7b1
:10dd24001800c28f7c00428c0400c2af0400c28f72
:10dd340002004390030042900012020025104300a9
:10dd44000800c2a77837400b000000000400c28f0f
:10dd5400010042900a00c2a30a00c39304000224f3
:10dd640007006214000000000400c28f0200439008
:10dd74002000c28f000043a06d37400b000000005c
:10dd84000a00c39305000224090062140000000085
:10dd94000400c28f020042901c00c393040062146a
:10dda40000000000010002247e37400b0000000048
:10ddb4000400c28f00004290211840000000c29766
:10ddc400211062000000c2a70400c28f000042902c
:10ddd4000400c38f211062000400c2af0000c39787
:10dde4000800c2972b106200d8ff40140000000006
:10ddf4002110000021e8c0031400be8f1800bd27c5
:08de04000800e003000000002b
:020000040000fa
:020000041d00dd
:10de0c00d8ffbd272400bfaf2000beaf1c00b0afb1
:10de1c0021f0a0032800c4af2c00c5af2110c00016
:10de2c003000c2a71000c0a32800c28f1400c2afdc
:10de3c007d3a400f00000000ae000424a43b400fcc
:10de4c000000000001004238ff004230f8ff40148f
:10de5c00000000002c00c28fff0042302120400047
:10de6c00a43b400f00000000383e400f00000000b3
:10de7c00af000424a43b400f000000001000c0a31e
:10de8c00af37400b000000001000c2931400c38f8a
:10de9c0021806200010004243233400f0000000096
:10deac00000002a21000c293010042241000c2a381
:10debc001000c3933000c297ffff42242a10620067
:10decc00f1ff4014000000001000c2931400c38f37
:10dedc0021806200212000003233400f000000003e
:10deec00000002a2d343400f0000000021e8c00351
:10defc002400bf8f2000be8f1c00b08f2800bd27d0
:08df0c000800e0030000000022
:020000040000fa
:020000041d00dd
:10df1400f0ffbd270c00beaf21f0a003211080004c
:10df24001400c5af1000c2a7ffff02240000c2af57
:10df34001000c29731004014000000001000c29786
:10df440000a0033c74056324c0100200802002007a
:10df5400211044008020020021104400211062009e
:10df64001400438c02000224240062140000000008
:10df74001000c29700a0033cc010020080200200e1
:10df84002110440080200200211044007405632401
:10df9400211043000500429001004238ff00423046
:10dfa40016004010000000001000c29700a0033cbf
:10dfb400c0100200802002002110440080200200d2
:10dfc400211044007405632421104300010003243c
:10dfd400050043a01000c297c01002008018020080
:10dfe40021104300801802002110430000a0033ccc
:10dff40074056324211043000000c2af0000c28fe7
:10e0040021e8c0030c00be8f1000bd270800e00308
:04e014000000000008
:020000040000fa
:020000041d00dd
:10e0180000202020202020202020282828282820f0
:10e0280020202020202020202020202020202020e8
:10e038002080101010101010101010101010101058
:10e048001004040404040404040404101010101040
:10e05800101041414141414101010101010101010a
:10e06800010101010101010101010101101010105c
:10e0780010104242424242420202020202020202dc
:10e088000202020202020202020202021010101030
:10e098002000000000000000000000000000000058
:10e0a8000000000000000000000000000000000068
:10e0b8000000000000000000000000000000000058
:10e0c8000000000000000000000000000000000048
:10e0d8000000000000000000000000000000000038
:10e0e8000000000000000000000000000000000028
:10e0f8000000000000000000000000000000000018
:10e108000000000000000000000000000000000007
:04e118000000000003
:020000040000fa
:020000041d00dd
:10e11c00f8ffbd270400beaf21f0a00300a0023c15
:10e12c00a0044224040040ac00a0023cffff0324e6
:10e13c00a00443ac00a0023ca00442240f0040a069
:10e14c0000a0023ca004422480250324100043ac10
:10e15c0000a0023ca0044224150040a000a0023cf8
:10e16c00a0044224150040a000a0023ca0044224bc
:10e17c0008000324160043a000a0023ca004422483
:10e18c00ffff0324180043ac00a0023ca00442246f
:10e19c00ffff03241c0043ac00a0023ca00442245b
:10e1ac0001000324200043a000a0023ca004422450
:10e1bc0001000324210043a000a0023ca00442243f
:10e1cc00230040a000a0023ca0044224280040ac44
:10e1dc0000a0023ca0044224240040a000a0023c69
:10e1ec00a0044224220040a000a0023ca00442242f
:10e1fc0000a0033c60046324300043ac21e8c0035e
:10e20c000400be8f0800bd270800e00300000000da
:020000040000fa
:020000041d00dd
:10e21c00e0ffbd271c00bfaf1800beaf21f0a0036c
:10e22c002000c4af2400c5af2800c6af2000c48fa7
:10e23c008f44400f000000001000c2af1000c28fce
:10e24c0004004014000000008bff0224c138400b76
:10e25c00000000001000c28f2c0042241400c2af3a
:10e26c001400c28f2400c38f000043ac1400c28f73
:10e27c002800c38f040043ac1000c28fb00042943e
:10e28c00211840002800c28f060062140000000014
:10e29c001400c28f02000324100043acb638400bac
:10e2ac00000000001000c28fb00042942118400002
:10e2bc002800c28f2b104300040040100000000007
:10e2cc001400c28f01000324100043ac1000c28f55
:10e2dc00b400428c3800428c1000c38f1c00648c3c
:10e2ec0080000324212860001400c68f09f8400028
:10e2fc00000000002110000021e8c0031c00bf8fab
:10e30c001800be8f2000bd270800e00300000000ad
:020000040000fa
:020000041d00dd
:10e31c00c03a0500425d04002538eb00c032040011
:10e32c000080013c2538e1000080013c2448a1001c
:10e33c00404005004245080080fc0825ffff0b25e6
:10e34c00fe00612d12002010000000000200c01021
:10e35c00000000000100e7348000e7248000eb2c73
:10e36c0021400b01025a070001006b312338eb00ee
:10e37c0040380700423a0700c05d08002538eb0022
:10e38c002510e9000800e003000000000000000078
:10e39c007f0401240700011500000000405807000d
:10e3ac00255866010300601100000000f5ff001005
:10e3bc00c0ff023cff0001290400201400000000f3
:10e3cc00807f013cefff00102510210101000a2481
:10e3dc00235048012000412d0300201400000000b0
:10e3ec00e8ff00102510090020000c2423608a018e
:10e3fc00045887012530cb0006384701000008245b
:10e40c000080013cd1ff00102538e1000000000025
:020000040000fa
:020000041d00dd
:10e41c00e8ffbd271400bfaf1000beaf21f0a00372
:10e42c001800c4af02000424010005242e43400f41
:10e43c00000000001800c28f0000438c2110600007
:10e44c0080100200802002002110440021104300a3
:10e45c00019d033cc8d9632421104300019d033c5a
:10e46c001cda6424212840003a46400f00000000ca
:10e47c0002000424020005242e43400f000000007b
:10e48c001800c28f04004284019d033c2cda6424e2
:10e49c00212840003a46400f0000000002000424ee
:10e4ac00030005242e43400f000000001800c28f0b
:10e4bc0006004284019d033c40da6424212840007c
:10e4cc003a46400f0000000002000424040005241a
:10e4dc002e43400f000000001800c28f0800428439
:10e4ec00019d033c50da6424212840003a46400f39
:10e4fc000000000021e8c0031400bf8f1000be8f85
:0ce50c001800bd270800e003000000001c
:020000040000fa
:020000041d00dd
:10e51800e8ffbd271400bfaf1000beaf21f0a00375
:10e528001800c4af02000424010005242e43400f44
:10e53800000000001800c28f0000438c211060000a
:10e5480080100200802002002110440021104300a6
:10e55800019d033cc8d9632421104300019d033c5d
:10e568001cda6424212840003a46400f00000000cd
:10e5780002000424020005242e43400f000000007e
:10e588001800c28f04004284019d033cb8da642459
:10e59800212840003a46400f0000000002000424f1
:10e5a800030005242e43400f000000001800c28f0e
:10e5b80006004284019d033cccda642421284000f3
:10e5c8003a46400f0000000002000424040005241d
:10e5d8002e43400f000000001800c28f080042843c
:10e5e800019d033c50da6424212840003a46400f3c
:10e5f8000000000021e8c0031400bf8f1000be8f88
:0ce608001800bd270800e003000000001f
:020000040000fa
:020000041d00dd
:10e61400f0ffbd270c00beaf21f0a0032110800045
:10e624001400c5af1000c2a71000c2970400401028
:10e6340000000000ffff0224bf39400b000000006f
:10e644001000c49700a0053c2118800000110300ad
:10e6540021184000801003002310430023104400bd
:10e66400801002008c00a324211043000800438c76
:10e67400020002240400621000000000ffff0224d4
:10e68400bf39400b000000001000c497211880001f
:10e6940000110300211840008010030023104300e0
:10e6a400231044008010020000a0033c8c0063246b
:10e6b400211043000000c2af0000c28fa4004290aa
:10e6c40001004238ff0042300a0040100000000000
:10e6d4000000c28f01000324a40043a00000c28fe5
:10e6e40001000324a00043ac0000c28fbf39400bdb
:10e6f40000000000ffff022421e8c0030c00be8fcd
:0ce704001000bd270800e003000000002a
:020000040000fa
:020000041d00dd
:10e71000d8ffbd272400bfaf2000beaf1c00b0afa4
:10e7200021f0a0032800c4af2110a0003000c6af24
:10e730002c00c2a32c8080aff739400b00000000f2
:10e740002c80828f320042280c0040100000000014
:10e750003000c28f06004284ffff43303000c28f7a
:10e7600008004284ffff423021106200ffff423068
:10e770001000c2a7e839400b000000003000c28f33
:10e7800008004284ffff43303000c28f06004284fd
:10e79000ffff423023106200ffff42301000c2a78b
:10e7a0002c80828f801002002800c38f218062009d
:10e7b0001000c287212040008c47400f000000005d
:10e7c000212040006b3e400f00000000000002ae20
:10e7d0002c80828f010042242c8082af2c80828f7b
:10e7e00064004228d6ff40140000000021e8c00366
:10e7f0002400bf8f2000be8f1c00b08f2800bd27d3
:08e800000800e0030000000025
:020000040000fa
:020000041d00dd
:10e80800286e756c6c290000303132333435363758
:10e818003839414243444546000000003031323324
:10e828003435363738396162636465660000000044
:10e8380001000000000000000a00000000000000c5
:10e848006400000000000000e80300000000000071
:10e858001027000000000000a08601000000000052
:10e8680040420f0000000000809698000000000061
:10e8780000e1f5050000000000ca9a3b0000000016
:10e8880000e40b540200000000e87648170000007e
:10e898000010a5d4e800000000a0724e180900007e
:10e8a80000407a10f35a00000080c6a47e8d030051
:10e8b8000000c16ff286230000008a5d784563017d
:10e8c800000064a7b3b6e00d0000e8890423c78af6
:10e8d800000000000000e03f000000000000f03fe2
:10e8e80000000000000024409a9999999999b93f2d
:08e8f80095d626e80b2e114015
:020000040000fa
:020000041d00dd
:10e90000e8ffbd271400beaf21f0a0031800c4af7c
:10e9100001000224733a400b0000c2af4d3a400b95
:10e920000400c0af000000000400c28f01004224b8
:10e930000400c2af0400c28f1100422cf9ff401442
:10e94000000000000000c38f1800c28f0600621490
:10e9500000000000000000000000000000000000b7
:10e96000703a400b000000000800c0af0800c28fe2
:10e97000010042240800c2af0800c28f01004224f7
:10e980000800c2af0800c28f010042240800c2afd5
:10e990000800c28f010042240800c2af0800c28fe5
:10e9a000010042240800c2af0800c28f01004224c7
:10e9b0000800c2af000000000000000000000000de
:10e9c0000000c28f010042240000c2af0000c38fcc
:10e9d0001800c28f2b104300d0ff40100000000031
:10e9e00021e8c0031400be8f1800bd270800e00313
:04e9f0000000000023
:020000040000fa
:020000041d00dd
:10e9f400e8ffbd271400bfaf1000beaf21f0a00395
:10ea04000000000080bf023c00544434654b400fba
:10ea14000000000001004238ff004230f9ff4014ba
:10ea24000000000080bf023c00544434fd4c400f01
:10ea340000000000050040100000000080bf023c00
:10ea440000544434a14c400f0000000080bf023c3d
:10ea540000544434f44c400f000000000500401002
:10ea64000000000080bf023c00544434994c400f25
:10ea74000000000080bf023c005444347d4c400f31
:10ea84000000000080bf023c00544434eb4c400fb3
:10ea94000000000080bf023c00544434754c400f19
:10eaa400000000000000000080bf023c0054443419
:10eab400e54c400f0000000001004238ff004230e6
:10eac400f9ff40140000000021e8c0031400bf8fc8
:10ead4001000be8f1800bd270800e00300000000ee
:020000040000fa
:020000041d00dd
:10eae4007472616d6520696e76616c696465206419
:10eaf40065627574000000007472616d6520696e52
:10eb040076616c6964652066696e00004552523a0c
:10eb14002054797065206465207369676e616c2088
:10eb2400696e636f6e6e750a000000004552523aba
:10eb340020416d706c69747564652074726f702007
:10eb44006772616e64650a004552523a20416d70e5
:10eb54006c69747564652074726f70207065746973
:10eb640074650a004552523a204f666673657420f4
:10eb740074726f70206772616e640a004552523a73
:10eb8400204f66667365742074726f7020706574ac
:10eb940069740a004552523a204672657175656e71
:10eba40063652074726f702068617574650a000073
:10ebb4004552523a204672657175656e63652074dc
:0cebc400726f702062617373650a0000bc
:020000040000fa
:020000041d00dd
:10ebd000e0ffbd271c00bfaf1800beaf21f0a003af
:10ebe000211080002000c2a32000c2931000c2a305
:10ebf0001000c28fc000427cff00443088bf033c3d
:10ec000020616294c439827c206162a41000c28faa
:10ec10008000427cff00443088bf033c2061629446
:10ec20008431827c206162a41000c28f4000427c4b
:10ec3000ff00443088bf033c206162944429827cf9
:10ec4000206162a41000c28f0000427cff004430ab
:10ec500088bf033c206162940421827c206162a40d
:10ec6000b048400f0000000088bf033c2061629460
:10ec7000010004248410827c206162a4b048400f0b
:10ec800000000000b048400f0000000088bf033cb7
:10ec9000206162948410027c206162a4b048400f1d
:10eca0000000000021e8c0031c00bf8f1800be8fc9
:0cecb0002000bd270800e0030000000069
:020000040000fa
:020000041d00dd
:10ecbc00e8ffbd271400bfaf1000beaf21f0a003ca
:10eccc00211080001800c2a380bf023c00544434c1
:10ecdc00714c400f0000000080bf023c00544434d3
:10ecec00694c400f000000001800c2930d0040104a
:10ecfc000000000021200000584a400f00000000d6
:10ed0c0080bf033c00546434212840000600023cc0
:10ed1c00801a4634a349400f00000000563b400bbc
:10ed2c000000000021200000584a400f00000000a5
:10ed3c0080bf033c00546434212840000100023c95
:10ed4c00a0864634a349400f0000000080bf023c5f
:10ed5c0000544434654c400f0000000080bf023c5e
:10ed6c00005444346d4c400f0000000080bf023c46
:10ed7c000054428c948082af80bf023c4054428c41
:10ed8c00988082af21e8c0031400bf8f1000be8fa3
:0ced9c001800bd270800e0030000000084
:020000040000fa
:020000041d00dd
:10eda800e8ffbd271400bfaf1000beaf21f0a003dd
:10edb800211080001800c2a31800c293788084270d
:10edc80021284000d62d400f000000001800c293f3
:10edd80001004238ff0042300500401000000000ea
:10ede8007280829701004224ffff4230728082a71e
:10edf800788084277749400f0000000016004010f3
:10ee08000000000072808297f401422c0a0040142e
:10ee1800000000007080829301000324c418627c03
:10ee2800708082a3708082938410027c708082a399
:10ee3800973b400b00000000708082930100032480
:10ee48008410627c708082a370808293c418027cd4
:10ee5800708082a3728080a7788084270c4a400f34
:10ee68000000000078808427194a400f0000000045
:10ee780021e8c0031400bf8f1000be8f1800bd2703
:08ee88000800e0030000000097
:020000040000fa
:020000041d00dd
:10ee9000e0ffbd271c00bfaf1800beaf21f0a003ec
:10eea000211080002000c2a30000000080bf023caf
:10eeb00000544434654b400f00000000010042380c
:10eec000ff004230f9ff4014000000000000000085
:10eed00080bf023c005444348d4c400f00000000c1
:10eee00001004238ff004230f9ff401400000000ea
:10eef0002000c29380bf033c0054643421284000aa
:10ef0000f14c400f000000000000000080bf023cf8
:10ef100000544434ee4c400f00000000fbff40144e
:10ef2000000000000000000080bf023c0054443498
:10ef3000914c400f0000000001004238ff004230b9
:10ef4000f9ff40140000000080bf023c005444342c
:10ef5000954c400f000000001000c2a31000c293a7
:10ef600021e8c0031c00bf8f1800be8f2000bd2702
:08ef70000800e00300000000ae
:020000040000fa
:020000041d00dd
:10ef78000055a77cffffe224fe07422cc24f050084
:10ef88002d0040100098a57c01fce6243f00c8280d
:10ef9800211080001000033c2c0000112518a3004c
:10efa8002700c0043500c5281400a0143400052427
:10efb800cdfbe72442300400271007000428e300b3
:10efc800061046002000e3300438e40025284500f8
:10efd8002110e0000b1003000a38a3002118e000fc
:10efe8001300201100000000231002002b20020053
:10eff800231803000800e00323186400f8ffc51075
:10f008004028030033040224233847002710070050
:10f01800042845000610e4002000e4300618e30048
:10f028002510a2000b106400efff20150b18040038
:10f038000800e003000000000500e0542110000073
:10f04800211000000800e003211800002110000032
:08f058000800e0030080033c06
:020000040000fa
:020000041d00dd
:10f06000e0ffbd271c00bfaf1800beaf21f0a0031a
:10f070002000c4af2400c5af2000c48f8f44400fd0
:10f08000000000001000c2af1000c28f0400401446
:10f09000000000008bff02244b3c400b00000000ee
:10f0a0001000c28f8c0040a02400c38f01000224f6
:10f0b0000c006214000000001000c28fb400428ceb
:10f0c0002800428c1000c38f1c00648c8000032435
:10f0d0002128600009f84000000000004a3c400b75
:10f0e000000000001000c28f2c0042241400c2afa8
:10f0f0001400c28f000040ac1400c28f040040ac6a
:10f100001000c28fb400428c3800428c1000c38fb4
:10f110001c00648c80000324212860001400c68f2a
:10f1200009f84000000000002110000021e8c003a1
:10f130001c00bf8f1800be8f2000bd270800e00311
:04f1400000000000cb
:020000040000fa
:020000041d00dd
:10f14400e8ffbd271400bfaf1000beaf21f0a0033d
:10f154001800c4af1800c28f0000428c01000324c1
:10f164001a004310000000000100432c1f0060142b
:10f1740000000000020003240c0043100000000003
:10f1840003000324200043140000000000a0023cfc
:10f19400e8064424640005241800c68fc439400fcf
:10f1a40000000000833c400b0000000000a0023c73
:10f1b400e8064424640005241800c68f8932400ff1
:10f1c40000000000833c400b0000000000a0023c53
:10f1d400e8064424640005241800c68f4d25400f1a
:10f1e40000000000833c400b0000000000a0023c33
:10f1f400e8064424640005241800c68f7730400fc5
:10f20400000000000000000021e8c0031400bf8fcc
:10f214001000be8f1800bd270800e00300000000a6
:020000040000fa
:020000041d00dd
:10f22400496e74657272757074000000556e646581
:10f2340066696e65640000004c6f61642f666574d6
:10f2440063682061646472657373206572726f729f
:10f254000000000053746f7265206164647265730a
:10f2640073206572726f7200496e73747275637481
:10f27400696f6e20627573206572726f7200000090
:10f284004461746120627573206572726f7200004c
:10f2940053797363616c6c00427265616b706f6962
:10f2a4006e740000526573657276656420696e73ce
:10f2b4007472756374696f6e00000000436f70723e
:10f2c4006f636573736f7220756e757361626c65bd
:10f2d4000000000041726974686d65746963206f91
:10f2e400766572666c6f770054726170000000007e
:0cf2f400526573657276656400000000ce
:020000040000fa
:020000041d00dd
:10f30000e0ffbd271c00bfaf1800beaf21f0a00377
:10f310002000c4af1000c0af2000c28fc010020098
:10f3200080180200211043008018020021104300c1
:10f3300000a0033c74056324211043001000c2aff9
:10f340001000c28f01000324010043a01000c28fef
:10f350002800428c2120000021284000f94a400f5b
:10f36000000000001000c28f2400428c0200032421
:10f370000e00431000000000030003240e004310a1
:10f3800000000000010003240300431000000000ff
:10f39000ef3c400b000000001000c48fe407400f5a
:10f3a00000000000ef3c400b0000000000000000e7
:10f3b000ef3c400b00000000000000001000c28f76
:10f3c000010040a021e8c0031c00bf8f1800be8fc1
:0cf3d0002000bd270800e0030000000042
:020000040000fa
:020000041d00dd
:10f3dc00a8ffbd270400a1af0800a2af0c00a3af8b
:10f3ec001000a4af1400a5af1800a6af1c00a7af67
:10f3fc002000a8af2400a9af2800aaaf2c00abaf07
:10f40c003000acaf3400adaf3800aeaf3c00afafa6
:10f41c004000b8af4400b9af4800bfaf1240000085
:10f42c004c00a8af104000005000a8af019d1a3c42
:10f43c00dc215a27000000000068044000600540f1
:10f44c0009f84003000000005000a88f11000001d3
:10f45c004c00a88f130000010400a18f0800a28f9c
:10f46c000c00a38f1000a48f1400a58f1800a68f7a
:10f47c001c00a78f2000a88f2400a98f2800aa8f1a
:10f48c002c00ab8f3000ac8f3400ad8f3800ae8fba
:10f49c003c00af8f4000b88f4400b98f4800bf8f3d
:0cf4ac005800bd27c000000018000042fe
:020000040000fa
:020000041d00dd
:10f4b800e8ffbd271400bfaf1000beaf21f0a003c6
:10f4c8001800c4af00a0023c6405442421280000b1
:10f4d800100006248337400f0000000000a0023c03
:10f4e800640542240c00438c3412023caa55423471
:10f4f80010006214000000001800c28f00a0033c36
:10f508006405668c640564240400858c64056424a1
:10f518000800848c640563240c00638c000046acee
:10f52800040045ac080044ac0c0043ac5e3d400b05
:10f53800000000001800c28fc4090324060043a479
:10f548001800c28f000040ac1800c28f14000324ba
:10f55800040043a41800c28f3412033caa55633434
:10f568000c0043ac1800c28fc4090324080043a44c
:10f5780021e8c0031400bf8f1000be8f1800bd27fc
:08f588000800e0030000000090
:020000040000fa
:020000041d00dd
:10f59000e8ffbd271400bfaf00a0023c0000428c72
:10f5a0000a004014211880000000023c00004224a0
:10f5b000200040100000023c0000000c0000000091
:10f5c0001400bf8f0800e0031800bd2780bf043c73
:10f5d00010608424fbff80101400bf8f01000524fd
:10f5e0001b00451080bf023c80bf023c20684224c3
:10f5f00080bf053c1868a52480bf063c0868c62467
:10f6000080bf043c10688424008007340000c7ac2d
:10f61000000406240000a6ac0000858c0001a53083
:10f62000fdffa01000000000000043ac713d400b46
:10f630001400bf8f00004224ecff401080bf023c4a
:10f640000000000c00000000713d400b1400bf8f53
:10f650002060422480bf053c1860a52480bf063c82
:08f66000823d400b0860c62446
:020000040000fa
:020000041d00dd
:10f66800e8ffbd271400beaf21f0a0031800c4af07
:10f678002110a0001c00c2a30000c0a31c00c2935c
:10f688000f0042300100c2a31c00c283ff004230b9
:10f69800c2110200ff0042300400c2af1800c38f3d
:10f6a800ffff02241d006210000000001800c28f36
:10f6b8001a004010000000000100c2930300422c11
:10f6c80016004010000000001800c28f0800c2afea
:10f6d8000800c28f3400438c0100c293401002001e
:10f6e800212040000400c28f21108200c0100200b7
:10f6f8008020020023108200211062000c00c2af9b
:10f708000c00c28f1400428c0100423003004010ec
:10f7180000000000010002240000c2a30000c29300
:10f7280021e8c0031400be8f1800bd270800e003bd
:04f7380000000000cd
:020000040000fa
:020000041d00dd
:10f73c00e8ffbd271400beaf21f0a0031800c4af32
:10f74c002110a0001c00c2a31c00c2930f00423069
:10f75c000100c2a31c00c283ff004230c211020090
:10f76c00ff0042300400c2af0000c0a31800c38fda
:10f77c00ffff02241d006210000000001800c28f61
:10f78c001a004010000000001800c28f0800c2af21
:10f79c000100c2930300422c140040100000000032
:10f7ac000800c28f3400438c0100c2934010020049
:10f7bc00212040000400c28f21108200c0100200e2
:10f7cc008020020023108200211062000c00c2afc6
:10f7dc000c00c28f1400428c020042300300401017
:10f7ec0000000000010002240000c2a30000c2932c
:10f7fc0021e8c0031400be8f1800bd270800e003e9
:04f80c0000000000f8
:020000040000fa
:020000041d00dd
:10f810001900a80012580000105000001900a7009d
:10f82000126800001060000021586c012b786c01f8
:10f8300021504f0119008800127000001060000074
:10f840002170cd012b78cd0121586c0121586f0119
:10f8500002006c11000000002b786c0121504f0158
:10f860002a78c0012170ce0121586f012b786f01d9
:10f8700021504f010c004005000000001300401112
:10f88000000000002a78c0012170ce012a1060011a
:10f8900021586b0121586f012578020021504a013f
:10f8a00021504f01ffffc6242130c90002fcc624ad
:10f8b00025200b0025280a00251004002518050026
:10f8c00025c006000800e003000000000000062438
:10f8d00025280600f8ff0010252006000000000083
:020000040000fa
:020000041d00dd
:10f8e000e8ffbd271400bfaf1000beaf21f0a0039a
:10f8f00080bf023c00544434fd4c400f0000000027
:10f90000050040100000000080bf023c0054443459
:10f91000a14c400f0000000080bf023c0054443462
:10f92000f44c400f000000000500401000000000f3
:10f9300080bf023c00544434994c400f000000004a
:10f9400080bf023c00544434814c400f0000000052
:10f9500080bf023c00544434eb4c400f00000000d8
:10f9600080bf023c00544434754c400f000000003e
:10f970000000000080bf023c00544434e54c400fbe
:10f980000000000001004238ff004230f9ff40143f
:10f990000000000021e8c0031400bf8f1000be8fdc
:0cf9a0001800bd270800e0030000000074
:020000040000fa
:020000041d00dd
:10f9ac00e0ffbd271c00bfaf1800beaf21f0a003c5
:10f9bc002000c4af019d023c2000c48fe42e458c76
:10f9cc00f326400f0000000021184000019d023c6e
:10f9dc0021206000e82e458cbc2b400f000000005d
:10f9ec00019d033cec2e648c212840003321400ff8
:10f9fc00000000001000c2af1000c48f21280000ce
:10fa0c003041400f000000000300410400000000e2
:10fa1c00211000001000c2af019d023cf02e448c5e
:10fa2c001000c58f3041400f00000000040041045d
:10fa3c0000000000019d023cf02e428c1000c2af71
:10fa4c001000c48fae44400f0000000021e8c0033a
:10fa5c001c00bf8f1800be8f2000bd270800e003dc
:04fa6c000000000096
:020000040000fa
:020000041d00dd
:10fa7000e0ffbd271c00bfaf1800beaf21f0a00300
:10fa80002000c4af2400c5af2800c6af2000c28f3d
:10fa90001000c2af2000c38fffff02241f006210be
:10faa000000000002000c28f1c0040100000000079
:10fab0001000c28f050042901800401000000000a6
:10fac0001000c28f2400c38f0c0043ac1000c28f03
:10fad0002800c38f100043ac1000c28f2400438c59
:10fae000010002240d006214000000001000c28f0b
:10faf0002000428c2120400008000524424c400f89
:10fb0000000000001000c28f2800428c212000005d
:10fb100021284000034b400f0000000021e8c003f3
:10fb20001c00bf8f1800be8f2000bd270800e00317
:04fb300000000000d1
:020000040000fa
:020000041d00dd
:10fb3400e8ffbd271400bfaf1000beaf21f0a00343
:10fb4400211080001800c2a31800c2930a000324e5
:10fb54000f004310000000000c00032406004310b3
:10fb640000000000080003240f0043100000000000
:10fb7400f13e400b0000000021200000010005249c
:10fb84005b3f400f00000000f73e400b0000000008
:10fb940001000424020005242e43400f000000004d
:10fba400f73e400b00000000212000001000052457
:10fbb4005b3f400f00000000f73e400b00000000d8
:10fbc4001800c29301000424212840005b3f400f29
:10fbd400000000000000000021e8c0031400bf8ff3
:10fbe4001000be8f1800bd270800e00300000000cd
:020000040000fa
:020000041d00dd
:10fbf400e8ffbd271400bfaf1000beaf21f0a00383
:10fc040080bf023c00064434c94c400f0000000091
:10fc140080bf023c00064434212800003d4c400fc4
:10fc24000000000080bf023c0006443403000524a9
:10fc3400e33f400f0000000080bf023c0006443454
:10fc4400e04b400f0000000080bf023c000644343b
:10fc5400064d400f0000000080bf023c0006443403
:10fc64000f270524094d400f00000000212000004b
:10fc74000400052401000624e847400f00000000aa
:10fc84002120000004000524213000004f48400fcb
:10fc94000000000021e8c0031400bf8f1000be8fd5
:0cfca4001800bd270800e003000000006d
:020000040000fa
:020000041d00dd
:10fcb000e8ffbd271400bfaf1000beaf21f0a003c6
:10fcc00080bf023c000a4434c94c400f00000000d1
:10fcd00080bf023c000a4434212800003d4c400f04
:10fce0000000000080bf023c000a443401000524eb
:10fcf000e33f400f0000000080bf023c000a443494
:10fd0000e04b400f0000000080bf023c000a44347a
:10fd1000064d400f0000000080bf023c000a443442
:10fd20009f0f0524094d400f000000002120000016
:10fd30000c00052401000624e847400f00000000e5
:10fd4000212000000c000524213000004f48400f06
:10fd50000000000021e8c0031400bf8f1000be8f18
:0cfd60001800bd270800e00300000000b0
:020000040000fa
:020000041d00dd
:10fd6c00e8ffbd271400bfaf1000beaf21f0a00309
:10fd7c00211880002110a0001800c3a31c00c2a3ee
:10fd8c0088bf033c206162940400027c206162a461
:10fd9c0000000000db25400f000000002014027c56
:10fdac00fcff4004000000001800c2930100423028
:10fdbc00ff00443088bf033c206162940400827cc5
:10fdcc00206162a488bf033c206162944408027cd9
:10fddc00206162a41c00c29302110200ff00423099
:10fdec0021204000f43a400f000000001c00c29398
:10fdfc000f004230ff00423021204000f43a400f07
:10fe0c000000000021e8c0031400bf8f1000be8f5b
:0cfe1c001800bd270800e00300000000f3
:020000040000fa
:020000041d00dd
:10fe2800e0ffbd271c00bfaf1800beaf21f0a00344
:10fe38002000c4af2400c5af1000c0af2000c28f9f
:10fe48001e004010000000002000c28f0000428cfd
:10fe580018004010000000002000c28f0000428cf3
:10fe68001000c2afac3f400b000000001000c28f72
:10fe78002400c38f080043ac1000c28f0c00428cd2
:10fe880006004010000000001000c28f0c00428cd9
:10fe98001000c48f09f84000000000001000c28f55
:10fea8001800428c1000c2af1000c28fefff401440
:10feb800000000002000c28f000040ac21e8c00311
:10fec8001c00bf8f1800be8f2000bd270800e0036c
:04fed8000000000026
:020000040000fa
:020000041d00dd
:10fedc00e0ffbd271c00bfaf1800beaf21f0a00390
:10feec00211880002110a0002000c3a32400c2a769
:10fefc002000c293300042242000c2a32400c297e9
:10ff0c0002120200ffff42301000c2a32400c2976d
:10ff1c001100c2a388bf033cd06062940421027c10
:10ff2c00d06062a42000c29321204000ce45400f37
:10ff3c00000000001000c29321204000ce45400f6d
:10ff4c00000000001100c29321204000ce45400f5c
:10ff5c000000000088bf033cd060629401000424c0
:10ff6c000421827cd06062a421e8c0031c00bf8ff6
:10ff7c001800be8f2000bd270800e0030000000021
:020000040000fa
:020000041d00dd
:10ff8c0080bf023c000642240600821003000224bb
:10ff9c00000082940431a27c000082a40800e003db
:10ffac00000000001300a2100400a32c0a0060142f
:10ffbc00060003241500a310070003241900a31442
:10ffcc0000000000000083940431437c000083a4f3
:10ffdc000800e003000000001200a0140000000064
:10ffec00000082940431027c000082a40800e0032b
:10fffc000000000000008294010003240431627ca4
:020000041d01dc
:10000c00000082a40800e0030000000000008294bd
:10001c00020003240431627c000082a40800e00387
:0c002c00000000000800e00300000000dd
:020000040000fa
:020000041d01dc
:10003800c23d0400ff00e7300080013c243081000d
:10004800ffffe924fe00212d0d0020100000000014
:100058008003e724404a0400024b09002530c90008
:10006800402f0400004d07002530c9002510050069
:10007800251806000800e00300000000000000004a
:100088000000052421208400f6ff801000000000f5
:100098000900e01400000000ffffe724212084008d
:1000a8008000013c2b088100fbff201400000000a9
:1000b800e7ff001000000000ff07072400ff013cd5
:1000c800010021342b088100e6ff20140000000005
:0c00d800e4ff0010f8ff063c00000000f0
:020000040000fa
:020000041d01dc
:1000e400e0ffbd271c00bfaf1800beaf21f0a00386
:1000f4002000c4af2400c5af2800c6af2000c28fc3
:100104008c0042241000c2af2000c28fa800438c90
:100114001000c28f0c0043ac2000c28f180043941f
:100124001000c28f040043a42000c28fa000438c9f
:10013400010002240e006214000000002000c28f9f
:10014400a800428c0a004010000000002000c28f6a
:10015400a800428c2000c38fac00638c2400c48fa1
:100164002800c58f2130600009f84000000000001d
:1001740021e8c0031c00bf8f1800be8f2000bd27dc
:080184000800e0030000000088
:020000040000fa
:020000041d01dc
:10018c00200003240900052400008280feff435058
:10019c0001008424030045542d0003246540400bca
:1001ac000100842419004310212880002b00032413
:1001bc001a00431021480000019d083c19e0082555
:1001cc002118020100006390040063300c006010e1
:1001dc002118000001008424d0ff462400008280f6
:1001ec0040380300c0180300212802010000a5902c
:1001fc002118e3000400a530f6ffa01421186600b6
:10020c00231003000800e0030a1069000100842495
:10021c000100a2807140400b0100092401008424dc
:08022c007140400b0100a280ab
:020000040000fa
:020000041d01dc
:1002340040380500423d0700ffffe924fe07212d59
:100244000c0020100000000002fce7240f80013c99
:10025400ffff21342428a100e03f013c2528a10010
:100264000000c7ac25100400251805000800e003b1
:10027400000000001300e0140000000040480500e6
:1002840025482401f6ff2011000000000080013cf5
:100294002440a1000100e724ffffe7242a4880004e
:1002a400212084002128a5002128a9001000013c58
:1002b4002b08a100f8ff201400000000e2ff00104a
:1002c4002528a800f8ff053c00000724e4ff0010df
:0802d4002520070000000000d6
:020000040000fa
:020000041d01dc
:1002dc00f0ffbd270c00beaf21f0a00300a0023c34
:1002ec00a00442240f00429001004238ff0042302b
:1002fc00190040100000000000a0023ca0044224a1
:10030c0001000324040043ac00a0023ca0044224de
:10031c00ffff0324180043ac00a0023ca0044224bd
:10032c00ffff03241c0043ac00a0023ca0044224a9
:10033c0001000324200043a000a0023ca00442249e
:10034c0001000324210043a0010002240000c2a3e9
:10035c00da40400b000000000000c0a30000c29374
:10036c0021e8c0030c00be8f1000bd270800e0037d
:04037c00000000007d
:020000040000fa
:020000041d01dc
:10038000e0ffbd271c00bfaf1800beaf21f0a003e7
:100390002000c4af2118a0002110c0002c00c7af5e
:1003a0002400c3a32800c2a32000c48f8f44400fa1
:1003b000000000001400c2af1400c28f05004014fa
:1003c0000000000084ff02241000c2af0241400b75
:1003d000000000001400c28fb400428c2000428c48
:1003e0001400c38f1c00648c3000c38fffff633088
:1003f0002800c5932c00c68f2138600009f8400002
:10040000000000001000c2af1000c28f21e8c0033e
:100410001c00bf8f1800be8f2000bd270800e0031e
:0404200000000000d8
:020000040000fa
:020000041d01dc
:10042400e0ffbd271c00bfaf1800beaf21f0a00342
:100434002000c4af2400c5af2800c6af2000c48f7d
:100444008f44400f000000001000c2af1000c28fa4
:1004540003004014000000002a41400b000000008b
:100464001000c28f2400c38fa80043ac1000c28fb9
:100474002800c38fac0043ac1000c28fb400428c80
:100484000800428c1000c38f1c00648c1000c38fc2
:1004940021286000009d033c845f662409f8400025
:1004a4000000000021e8c0031c00bf8f1800be8fad
:0c04b4002000bd270800e003000000004d
:020000040000fa
:020000041d01dc
:1004c000feff082440300400403805002548c700de
:1004d0001b0020110000000000ff013c010021343e
:1004e0002b08c1001a0020100000000000ff013c92
:1004f000010021342b08e10015002010000000004d
:100500000200810442300600233006000200a104ec
:1005100042380700233807002a08c70003002010cc
:100520000000000007000010ffff02242a08e60078
:10053000030020100000000002000010010002244f
:10054000000002240800e00300000000000000009a
:0c055000fcff0010251008000000000057
:020000040000fa
:020000041d01dc
:10055c001800a010211000001200c0100300842c01
:10056c001200801000000000e0ffbd271c00bfaf90
:10057c000000023c00004224100040101800b0aff4
:10058c002120a0002128c0000000000c1400a6af00
:10059c001400a68f2110c0001c00bf8f1800b08f54
:1005ac002000bd270800e003000000000800e00365
:1005bc002110c0000800e003000000002180c000f2
:1005cc000000a480ffff10260100a5241000a5af99
:1005dc00643d400f1400a6af1000a58ff8ff001665
:0c05ec001400a68f6941400b2110c000d4
:020000040000fa
:020000041d01dc
:1005f800e0ffbd271c00bfaf1800beaf21f0a0036d
:10060800211080002000c2a32000c29318004010cf
:10061800000000002000c2930500422c1400401086
:10062800000000002000c29301000424212840009b
:100638002e43400f000000001000c0a39a41400b59
:100648000000000001000424200005245b3f400f47
:10065800000000001000c293010042241000c2a351
:100668001000c2931400422cf6ff40140000000052
:1006780021e8c0031c00bf8f1800be8f2000bd27d3
:080688000800e003000000007f
:020000040000fa
:020000041d01dc
:10069000f8ffbd270400beaf21f0a0030800c4afdf
:1006a0000c00c5af1000c6af0800c28f0400401098
:1006b0000000000088ff0224c541400b000000003c
:1006c0000c00c28f120040100000000000a0023c8d
:1006d0000800c38f80190300a8064224211062007d
:1006e0000c00c38f200043ac00a0033c0800c28f65
:1006f000a806632480110200211062001000c38f3d
:10070000240043ac21100000c541400b0000000054
:1007100083ff022421e8c0030400be8f0800bd2728
:080720000800e00300000000e6
:020000040000fa
:020000041d01dc
:10072800e8ffbd271400bfaf1000beaf21f0a00343
:1007380088bf033cc06062940421027cc06062a44c
:1007480088bf033cc0606294444a027cc06062a4d3
:1007580088bf033cd0606294010004240421827c99
:10076800d06062a488bf033cd0606294444a027c93
:10077800d06062a4f4010424403a400f0000000055
:1007880088bf033cd060629401000424444a827c00
:10079800d06062a4d633400f0000000021e8c003f7
:1007a8001400bf8f1000be8f1800bd270800e0039b
:0407b800000000003d
:020000040000fa
:020000041d01dc
:1007bc00e0ffbd271c00bfaf1800beaf21f0a003a7
:1007cc002000c4af2110a0002800c6af2400c2a393
:1007dc002000c48f8f44400f000000001400c2aff3
:1007ec001400c28f050040140000000083ff022497
:1007fc001000c2af0d42400b000000001400c28f6d
:10080c00b400428c3800428c1400c38f1c00648ce2
:10081c002400c393212860002800c68f09f84000eb
:10082c00000000001000c2af1000c28f21e8c0030e
:10083c001c00bf8f1800be8f2000bd270800e003ee
:04084c0000000000a8
:020000040000fa
:020000041d01dc
:10085000e8ffbd271400bfaf1000beaf21f0a0031a
:10086000588084273244400f0000000060808427b5
:100870003244400f00000000508084273244400f73
:1008800000000000688082930400027c688082a3dc
:10089000688082934408027c688082a36880829387
:1008a0008410027c688082a368808293c418027cd2
:1008b000688082a3688082930421027c688082a37e
:1008c0006a8080a76c8080a721e8c0031400bf8fd6
:1008d0001000be8f1800bd270800e00300000000d4
:020000040000fa
:020000041d01dc
:1008e000e0ffbd271c00bfaf1800beaf21f0a00382
:1008f0002000c4af2400c5af2800c6af2000c48fbd
:100900008f44400f000000001000c2af1000c28fe3
:1009100004004014000000008bff02245642400bec
:10092000000000001000c28f8c0042241400c2afef
:100930001400c28f2400c38f080043ac1400c28f80
:10094000010040a02800c28fff0043301400c28f76
:10095000020043a02110000021e8c0031c00bf8f4b
:100960001800be8f2000bd270800e0030000000033
:020000040000fa
:020000041d01dc
:10097000e8ffbd271400bfaf1000beaf21f0a003f9
:100980001800c4af1800c38fffff022415006210c7
:10099000000000001800c28f12004010000000008c
:1009a0001800c28f01000324030043a01800c28f67
:1009b0002000428c2120400001000524c542400f48
:1009c000000000001800c28f2000428c212040004f
:1009d000df000524ff0006241aff07244c4c400fbb
:1009e0000000000021e8c0031400bf8f1000be8f7c
:0c09f0001800bd270800e0030000000014
:020000040000fa
:020000041d01dc
:1009fc00e0ffbd271c00bfaf1800beaf21f0a00365
:100a0c002000c4af2110a0002400c2a32000c48f7a
:100a1c008f44400f000000001400c2af1400c28fbe
:100a2c00050040140000000084ff02241000c2af37
:100a3c009b42400b000000001400c28fb400428c9b
:100a4c002400428c1400c38f1c00648c2400c393bc
:100a5c002128600009f84000000000001000c2af1f
:100a6c001000c28f21e8c0031c00bf8f1800be8f7e
:0c0a7c002000bd270800e003000000007f
:020000040000fa
:020000041d01dc
:100a8800e0ffbd271c00bfaf1800beaf21f0a003d8
:100a98002000c4af2110a0002400c2a32000c48fee
:100aa8008f44400f000000001400c2af1400c28f32
:100ab800050040140000000083ff02241000c2afac
:100ac800be42400b000000001400c28fb400428cec
:100ad8004000428c1400c38f1c00648c2400c39314
:100ae8002128600009f84000000000001000c2af93
:100af8001000c28f21e8c0031c00bf8f1800be8ff2
:0c0b08002000bd270800e00300000000f2
:020000040000fa
:020000041d01dc
:100b1400100282900400027c100282a010028290d3
:100b2400c418027c100282a0300082908410027cdf
:100b3400300082a0020002241200a210030002244a
:100b44000a00a210010002240300a2100000000009
:100b54000800e00300000000100282900400a27c60
:100b6400100282a00800e003000000003000829020
:100b7400010003248410627c300082a00800e0039a
:100b8400000000001002829001000324c418627c5b
:0c0b9400100282a00800e0030000000036
:020000040000fa
:020000041d01dc
:100ba000c03a0500425504002538ea000080013ca7
:100bb0002538e1004050050042550a001e04062475
:100bc0002330ca000c00c004000000002000c12c2b
:100bd0000200201400000000000007340200a104fd
:100be0000638c70023380700251007000800e00377
:100bf0000000000000000000020080100000000063
:100c00000100a534f07f013c010021342b08a10034
:100c10000300201400000000f4ff00100080023cdc
:0c0c2000f2ff0010ffff022400000000a3
:020000040000fa
:020000041d01dc
:100c2c002118a000214880002140c0000700a10429
:100c3c002110e000234804002b2009002318050094
:100c4c00231864000080043c26186400070041044b
:100c5c0000000000234006002b2008002310070092
:100c6c00231044000080043c261044000b00281183
:100c7c002a204300050080140000000005006214c7
:100c8c002b40090103000011000000000800e003e4
:100c9c00010002240800e003ffff0224f5ff6214a8
:0c0cac00000000000800e0032110000020
:020000040000fa
:020000041d01dc
:100cb800e0ffbd271c00bfaf1800beaf21f0a003a6
:100cc800211880002110a0002000c3a32400c2a383
:100cd8002400c393019d023c6c344224211062001d
:100ce800000042901000c2a32000c3931000c293da
:100cf80021106200ff004230ffff42241000c2a30f
:100d08001000c39380ff022425106200ff004230c8
:100d180021200000212840005b3f400f0000000018
:100d280021e8c0031c00bf8f1800be8f2000bd271c
:080d38000800e00300000000c8
:020000040000fa
:020000041d01dc
:100d4000e0ffbd271c00bfaf1800beaf21f0a0031d
:100d50002000c4af2000c48f8f44400f000000006b
:100d60001000c2af1000c28f110040100000000040
:100d70001000c28fb400428c1c00428c1000c38f44
:100d80001c00638c2120600009f840000000000076
:100d90001000c38f000062948452027c000062a4a1
:100da0001000c38f030062900410027c030062a055
:100db00021e8c0031c00bf8f1800be8f2000bd2794
:080dc0000800e0030000000040
:020000040000fa
:020000041d01dc
:100dc8002118e003019d083c10a008250000098daa
:100dd800180020110400082500000a8d04000825c9
:100de80000000b8d090060110400082500000c911b
:100df800ffff4a250100082500002ca1fbff401534
:100e0800010029250500001000000000000020a1b5
:100e1800ffff4a25fdff401501002925030008258d
:100e2800fcff0a24244048010000098de7ff201533
:100e38000000000021f860000800e0030000000046
:040e480000000000a6
:020000040000fa
:020000041d01dc
:100e4c00f0ffbd270c00bfaf0800beaf21f0a00320
:100e5c001000c4af2110000000488240c000000008
:100e6c001000c48f2118800080100300211840004e
:100e7c00401103002310430021104400801802008d
:100e8c002110430080110200f1ff42240000c2af88
:100e9c0000000000004803400000c28f2b106200cd
:100eac00fcff40140000000021e8c0030c00bf8fc1
:100ebc000800be8f1000bd270800e00300000000f2
:020000040000fa
:020000041d01dc
:100ecc00e8ffbd271400bfaf1000beaf21f0a00398
:100edc001800c4af1800c38fffff02241200621069
:100eec00000000001800c28f0f004010000000002e
:100efc001800c28f030040a01800c28f2000428c43
:100f0c0021204000ff000524124d400f000000007e
:100f1c001800c28f2000428c2120400021280000a4
:100f2c00c542400f0000000021e8c0031400bf8f31
:100f3c001000be8f1800bd270800e0030000000061
:020000040000fa
:020000041d01dc
:100f4c00e8ffbd271400bfaf1000beaf21f0a00317
:100f5c000000000080bf023c00544434654b400f3d
:100f6c000000000001004238ff004230f9ff40143d
:100f7c000000000080bf023c00544434894c400ff8
:100f8c00000000000000000080bf023c005444340c
:100f9c00e84c400f0000000001004238ff004230d6
:100fac00f9ff40140000000021e8c0031400bf8fbb
:100fbc001000be8f1800bd270800e00300000000e1
:020000040000fa
:020000041d01dc
:100fcc00e0ffbd271c00bfaf1800b1af1400b0afdd
:100fdc0021300000e043073c218080000b43400f90
:100fec002188a000212000020e00400421282002ac
:100ffc00213000002012400fe043073c212040002c
:10100c00de3b400f212860000080043c2518640062
:10101c001c00bf8f1800b18f1400b08f0800e003c4
:10102c002000bd27de3b400f000000001c00bf8fde
:10103c001800b18f1400b08f0800e0032000bd270a
:020000040000fa
:020000041d01dc
:10104c00e8ffbd271400bfaf1000beaf21f0a00316
:10105c002480838f630002240400621400000000cb
:10106c00248080af2144400b000000002480828f3c
:10107c0001004224248082af2480838f00a0023c94
:10108c0080180300e8064224211062000000428c04
:10109c00ffff42302120000021284000b73f400fc5
:1010ac000000000021e8c0031400bf8f1000be8fa9
:0c10bc001800bd270800e0030000000041
:020000040000fa
:020000041d01dc
:1010c800f8ffbd270400beaf21f0a0030800c4af9d
:1010d8000800c28f000040ac0800c28f040040a086
:1010e8000800c38f050062900400027c050062a01e
:1010f8000800c38f050062904408027c050062a0c6
:101108000800c38f05006290010004248410827ccb
:10111800050062a00800c38f050062900100042446
:10112800c418827c050062a021e8c0030400be8fb9
:0c1138000800bd270800e00300000000d4
:020000040000fa
:020000041d01dc
:10114400f8ffbd270400beaf21f0a0030800c4af20
:101154002110a0001000c6af1400c7af0c00c2a736
:101164000800c28f0c0040ac0800c28f000040ace5
:101174000800c28f0c00c397040043a40800c28f68
:101184001800c38f100043ac0800c28f1000c38f37
:10119400080043ac0800c28f1400428c01004334a1
:1011a4000800c28f140043ac21e8c0030400be8fc2
:0c11b4000800bd270800e0030000000058
:020000040000fa
:020000041d01dc
:1011c000e0ffbd271c00bfaf1800beaf21f0a00399
:1011d0002000c4af2000c48f8f44400f00000000e7
:1011e0001000c2af1000c28f0e00401000000000bf
:1011f0001000c28fb400428c1800428c1000c38fc4
:101200001c00638c2120600009f8400000000000f1
:101210001000c38f03006290020004240410827c3b
:10122000030062a021e8c0031c00bf8f1800be8f1e
:0c1230002000bd270800e00300000000c3
:020000040000fa
:020000041d01dc
:10123c00f0ffbd270c00beaf21f0a0031000c4af1f
:10124c001000c38fffff0224040062100000000096
:10125c001000c28f04004014000000002110000098
:10126c00a944400b000000001000c28f0000c2af68
:10127c000000c28fa400429001004238ff004230af
:10128c00040040100000000021100000a944400b95
:10129c00000000000000c28f21e8c0030c00be8fcc
:0c12ac001000bd270800e0030000000057
:020000040000fa
:020000041d01dc
:1012b800002a04000080013c2528a100c23d04004a
:1012c800ff00e7309e0006242330c7000d00c0044d
:1012d800000000002000c1280300201400000000c6
:1012e8000500001000000224020081040628c50041
:1012f80023280500251005000800e0030000000071
:1013080000000000807f013c010021342b0881008f
:101318000300201400000000f7ff00100080023cca
:0c132800f5ff0010ffff02240000000091
:020000040000fa
:020000041d01dc
:10133400e8ffbd271400bfaf1000beaf21f0a0032b
:10134400788084273244400f00000000708082932c
:101354000400027c708082a3708082934408027c23
:10136400708082a3708082938410027c708082a338
:1013740070808293c418027c708082a370808293f0
:101384000421027c708082a3728080a7748080a76d
:1013940021e8c0031400bf8f1000be8f1800bd27c2
:0813a4000800e0030000000056
:020000040000fa
:020000041d01dc
:1013ac00e8ffbd271400bfaf1000beaf21f0a003b3
:1013bc001800c4af1c00c5af1c00c28f04004290c3
:1013cc000f004010000000001c00c28f0000429073
:1013dc001800c48f21284000a242400f00000000da
:1013ec001c00c28f000042901800c48f21284000be
:1013fc007f42400f000000001c00c28f040040a080
:10140c0021e8c0031400bf8f1000be8f1800bd2749
:08141c000800e00300000000dd
:020000040000fa
:020000041d01dc
:101424000000052425480500253805002530040062
:101434000c00c010000000000600c1040000000001
:101444000080093c2b5005002328050023300600aa
:101454002330ca001e0407242040c8702338e80043
:1014640004300601c24205004055060025400a0129
:101474004050060002530a0025482a01005507007f
:1014840025482a0125100800251809000800e00352
:08149400000000000000000050
:020000040000fa
:020000041d01dc
:10149c00f8ffbd270400beaf21f0a0038c8082931f
:1014ac004408027c8c8082a38c8082938410027c02
:1014bc008c8082a38c8082930400027c8c8082a31b
:1014cc008c8082934429027c8c8082a38c808293b2
:1014dc008431027c8c8082a38c808293c418027c21
:1014ec008c8082a38c8082930421027c8c8082a3ca
:1014fc0021e8c0030400be8f0800bd270800e003ec
:04150c0000000000db
:020000040000fa
:020000041d01dc
:10151000e0ffbd271c00bfaf1800beaf21f0a00345
:101520002000c4af2000c28f040042840600033ca8
:10153000801a63341a006200f401400010100000a9
:1015400012100000ffff4230ffff42241000c2a72c
:101550001000c29780bf033c000a64342128400079
:10156000094d400f0000000021e8c0031c00bf8fa0
:101570001800be8f2000bd270800e0030000000017
:020000040000fa
:020000041d01dc
:10158000e0ffbd271c00bfaf1800beaf21f0a003d5
:101590002000c4af00606241c000000000000000f5
:1015a0001000c2af212000002000c58f6e4b400ffd
:1015b000000000001400c2a3212000002000c58ffd
:1015c0000d4b400f000000001000c28f00608240f1
:1015d000c00000001400c29321e8c0031c00bf8fac
:1015e0001800be8f2000bd270800e00300000000a7
:020000040000fa
:020000041d01dc
:1015f000f0ffbd270c00beaf21f0a00390808293c6
:1016000001004238ff00423010004010000000008e
:10161000918082270400c2af0400c28f010003241e
:10162000000043a0010002240000c2af0000c38fed
:101630000100022403006210000000009345400beb
:101640000000000001000224908082a321e8c00372
:101650000c00be8f1000bd270800e0030000000052
:020000040000fa
:020000041d01dc
:10166000e8ffbd271400bfaf1000beaf21f0a003fc
:10167000211080001800c2a31800c2930d00401072
:10168000000000002120000004000524f94a400f5a
:10169000000000002120000004000524034b400f3f
:1016a0000000000080bf023c00064434c54c400fdf
:1016b0000000000021e8c0031400bf8f1000be8f9f
:0c16c0001800bd270800e0030000000037
:020000040000fa
:020000041d01dc
:1016cc00e8ffbd271400bfaf1000beaf21f0a00390
:1016dc00211080001800c2a31800c2930d00401006
:1016ec0000000000212000000c000524f94a400fe6
:1016fc0000000000212000000c000524034b400fcb
:10170c000000000080bf023c000a4434c54c400f6e
:10171c000000000021e8c0031400bf8f1000be8f32
:0c172c001800bd270800e00300000000ca
:020000040000fa
:020000041d01dc
:10173800e0ffbd271c00bfaf1800beaf21f0a0031b
:10174800211080002000c2a32000c29380bf033c68
:10175800005e643421284000034d400f0000000063
:1017680080bf023c005e4434004d400f0000000082
:101778001000c2af1000c38f01000224f8ff6210ee
:101788000000000021e8c0031c00bf8f1800be8fb6
:0c1798002000bd270800e0030000000056
:020000040000fa
:020000041d01dc
:1017a400e8ffbd271400bfaf1000beaf21f0a003b7
:1017b4001800c4af1800c38f0a0002240800621482
:1017c4000000000021200000010005241800c68f3d
:1017d400214b400f00000000fe45400b00000000bc
:1017e40021200000212800001800c68f214b400f43
:1017f4000000000021e8c0031400bf8f1000be8f5a
:0c1804001800bd270800e00300000000f1
:020000040000fa
:020000041d01dc
:10181000e8ffbd271400bfaf1000beaf21f0a0034a
:101820001800c4af1800c38f0a0002240800621415
:101830000000000021200000010005241800c68fd0
:10184000174b400f000000001946400b000000003d
:1018500021200000212800001800c68f174b400fe0
:101860000000000021e8c0031400bf8f1000be8fed
:0c1870001800bd270800e0030000000085
:020000040000fa
:020000041d01dc
:10187c00e8ffbd271400bfaf1000beaf21f0a003de
:10188c001800c4af1800c38f0a00022408006214a9
:10189c000000000021200000010005241800c68f64
:1018ac002b4b400f000000003446400b00000000a2
:1018bc0021200000212800001800c68f2b4b400f60
:1018cc000000000021e8c0031400bf8f1000be8f81
:0c18dc001800bd270800e0030000000019
:020000040000fa
:020000041d01dc
:1018e800c8ffbd273400bfaf3000beaf21f0a00352
:1018f8003c00c5af4000c6af4400c7af3800c4af16
:101908003c00c2272800c2af2800c28f1000c3279e
:10191800212060003800c58f213040001248400f58
:10192800000000001000c227212040002947400f76
:101938000000000021e8c0033400bf8f3000be8fd4
:0c1948003800bd270800e003000000008c
:020000040000fa
:020000041d01dc
:10195400f0ffbd270c00beaf21f0a0031000c4af00
:101964000000c0af1000c38fffff02240e006210fe
:10197400000000001000c28f0b00401000000000a7
:101984001000c28f0000c2af0000c28f0500429059
:1019940005004010000000000000c28f050040a0b8
:1019a4000000c28f100040ac21e8c0030c00be8fc1
:0c19b4001000bd270800e0030000000048
:020000040000fa
:020000041d01dc
:1019c000e8ffbd271400bfaf1000beaf21f0a00399
:1019d0001800c4af2110a0001c00c2a71800c28fbd
:1019e000020040a01800c28f030040a01800c28f60
:1019f000040040a01800c28f2000428c212040002b
:101a000000ff052400ff062402ff07244c4c400f72
:101a10000000000021e8c0031400bf8f1000be8f3b
:0c1a20001800bd270800e00300000000d3
:020000040000fa
:020000041d01dc
:101a2c00e8ffbd271400bfaf1000beaf21f0a0032c
:101a3c001800c4af2110a0001c00c2a31800c38f53
:101a4c00ffff02240b006210000000001800c28f80
:101a5c0008004010000000001800c28f2000438cca
:101a6c001c00c2932120600021284000604c400fd4
:101a7c000000000021e8c0031400bf8f1000be8fcf
:0c1a8c001800bd270800e0030000000067
:020000040000fa
:020000041d01dc
:101a9800e0ffbd271c00bfaf1800beaf21f0a003b8
:101aa8002000c4af1000c0a72000c38fffff02248e
:101ab8000b006210000000002000c28f08004010d8
:101ac800000000002000c28f2000428c1400c2af2a
:101ad8001400c48fc74b400f000000001000c2a7bd
:101ae8001000c29721e8c0031c00bf8f1800be8fea
:0c1af8002000bd270800e00300000000f3
:020000040000fa
:020000041d01dc
:101b0400e0ffbd271c00bfaf1800beaf21f0a0034b
:101b14001000c0a321200000c04b400f00000000b3
:101b2400010042302b1002001000c2a3212000004b
:101b3400ef4a400f000000001000c2930400401060
:101b44000000000021200000774b400f000000003f
:101b540021e8c0031c00bf8f1800be8f2000bd27e2
:081b64000800e003000000008e
:020000040000fa
:020000041d01dc
:101b6c00e0ffbd271c00bfaf1800beaf21f0a003e3
:101b7c001000c0a321200000c04b400f000000004b
:101b8c00010042302b1002001000c2a321200000e3
:101b9c00d44b400f000000001000c2930400401012
:101bac000000000021200000774b400f00000000d7
:101bbc0021e8c0031c00bf8f1800be8f2000bd277a
:081bcc000800e0030000000026
:020000040000fa
:020000041d01dc
:101bd400e8ffbd271400bfaf1000beaf21f0a00383
:101be40000a0023c000242240800428c2120400054
:101bf4005c4b400f0000000000a0023c00024224a5
:101c04000c00428c212040002d24400f00000000d5
:101c1400a31d400f00000000421b400f0000000005
:101c240021e8c0031400bf8f1000be8f1800bd2729
:081c34000800e00300000000bd
:020000040000fa
:020000041d01dc
:101c3c00f0ffbd270c00bfaf0800beaf21f0a00322
:101c4c001000c4af2110000000488240c00000000a
:101c5c001000c28fc0100200801802002110430037
:101c6c00f1ff42240000c2af000000000048034016
:101c7c000000c28f2b106200fcff4014000000001b
:101c8c0021e8c0030c00bf8f0800be8f1000bd27d9
:081c9c000800e0030000000055
:020000040000fa
:020000041d01dc
:101ca400e8ffbd271400bfaf1000beaf21f0a003b2
:101cb4001800c4af3947400b000000001800c28f61
:101cc40000004280ff00423021204000cd3e400f02
:101cd400000000001800c28f010042241800c2afa7
:101ce4001800c28f00004280f4ff4014000000007e
:101cf40021e8c0031400bf8f1000be8f1800bd2759
:081d04000800e00300000000ec
:020000040000fa
:020000041d01dc
:101d0c00e0ffbd271c00bfaf1800b0af21808000e2
:101d1c000949400f2120a000019d043ca834868c69
:101d2c00ac34878c212040000e1c400f2128600011
:101d3c00212000021000a2af0949400f1400a3afec
:101d4c0021204000212860001000a68f2212400f95
:101d5c001400a78f1c00bf8f1800b08f0800e00381
:041d6c002000bd276f
:020000040000fa
:020000041d01dc
:101d7000e8ffbd271400bfaf1000beaf21f0a003e5
:101d80001800c4afc146400f000000002120000031
:101d900001000524da4b400f000000002120000064
:101da00021280000010006247447400f00000000b5
:101db000db46400f0000000021e8c0031400bf8f85
:101dc0001000be8f1800bd270800e00300000000cf
:020000040000fa
:020000041d01dc
:101dd0000800a6af0800a28f0100032410004310e2
:101de00002000324100043100400032405004310e4
:101df0000800032404004310030004240800e00347
:101e0000000000000200042481bf023c00f0438c6b
:101e1000c4a4837c00f043ac0800e0030000000091
:101e20008247400b212000008247400b0100042420
:020000040000fa
:020000041d01dc
:101e30000080013c120080102430810002008104e7
:101e400000000000232004009e0005242038877035
:101e50002328a7000420e400800084248000882c2c
:101e60002128a80003420400010008312320880033
:101e70004020040042220400c045050025208800bf
:101e8000251086000800e0030000000000000000ac
:020000040000fa
:020000041d01dc
:101e9000e8ffbd271400bfaf1000beaf21f0a003c4
:101ea0001800c4af1800c38fffff0224090062109e
:101eb000000000001800c28f060040100000000063
:101ec0001800c28f2000428c21204000564c400f49
:101ed0000000000021e8c0031400bf8f1000be8f77
:0c1ee0001800bd270800e003000000000f
:020000040000fa
:020000041d01dc
:101eec00e8ffbd271400bfaf1000beaf21f0a00368
:101efc001800c4af1800c38fffff02240900621042
:101f0c00000000001800c28f060040100000000006
:101f1c001800c28f2000428c212040005b4c400fe7
:101f2c000000000021e8c0031400bf8f1000be8f1a
:0c1f3c001800bd270800e00300000000b2
:020000040000fa
:020000041d01dc
:101f4800e8ffbd271400bfaf1000beaf21f0a0030b
:101f5800b149400f000000002120000003000524c3
:101f680021300000894b400f0000000021200000b4
:101f7800fcff052401000624894b400f00000000e7
:101f880021e8c0031400bf8f1000be8f1800bd27c2
:081f98000800e0030000000056
:020000040000fa
:020000041d01dc
:101fa00082180500001903000300a43088bf023c1a
:101fb0009010422421104300c02004000000478cf0
:101fc0000200842407000324041883002728030048
:101fd0002428a700000045ac0000458c0430860092
:101fe0002418660025286500000045ac0800e003c1
:041ff00000000000ed
:020000040000fa
:020000041d01dc
:101ff4000000043ce8ffbd27000084240300801097
:102004001400bfaf09f88000000000000000843015
:102014000000a530019d083c8c29082509f8000121
:10202400000000000000023c0000422403004010b5
:102034000000000009f8400000000000f9ff001053
:042044000000000098
:020000040000fa
:020000041d01dc
:10204800d0ffbd272c00bfaf2800b0af2180800093
:102058001000a427ff7f02242000a2af1400a0af25
:102068001000b0af1800b0afc20002240000400f4b
:102078001c00a2a71000a28f000040a01000a28f91
:10208800231050002c00bf8f2800b08f0800e003f9
:042098003000bd2730
:020000040000fa
:020000041d01dc
:10209c00f0ffbd270c00beaf21f0a0031000c4afb1
:1020ac000000c0af1000c38fffff022406006210b7
:1020bc00000000001000c28f030040100000000060
:1020cc00020002240000c2af0000c28f21e8c0034e
:1020dc000c00be8f1000bd270800e00300000000bc
:020000040000fa
:020000041d01dc
:1020ec00e8ffbd271400bfaf1000beaf21f0a00366
:1020fc001800c4af1c00c5af1800c28f03004014f9
:10210c00000000004948400b000000001c00c48f78
:10211c009549400f0000000021e8c0031400bf8f58
:10212c001000be8f1800bd270800e003000000005f
:020000040000fa
:020000041d01dc
:10213c00821805000019030088bf023c901042244d
:10214c00211043000300a4300000478cc020040081
:10215c000300032404188300272803002428a70065
:10216c00000045ac0000458c043086002418660045
:10217c0025286500000045ac0800e00300000000c5
:020000040000fa
:020000041d01dc
:10218c001b00a600f401c000121000004210020057
:10219c0040180200020067241b00a300f401600039
:1021ac00121800001b00a700f401e0001228000028
:1021bc00231866002330c5002b30c3000100c62c49
:1021cc0023104600300082ac0800e0030000000041
:020000040000fa
:020000041d01dc
:1021dc00f8ffbd270400bfaf0000beaf21f0a00385
:1021ec00006802407c00423082100200188082afee
:1021fc00007002401c8082af1880838f00a0023ccc
:10220c0080180300c8084224211062000000428c90
:0c221c00208082af8848400b00000000ca
:020000040000fa
:020000041d01dc
:10222800e8ffbd271400bfaf1000beaf21f0a00328
:102238001800c4af1800c28f04004014000000004a
:10224800211000009748400b000000008649400f0d
:102258000000000021e8c0031400bf8f1000be8feb
:0c2268001800bd270800e0030000000083
:020000040000fa
:020000041d01dc
:102274000029050021208500c002828c0800e0149a
:10228400080003240730c3001000a3932530c300c3
:102294002530c200c00286ac0800e0030000000044
:1022a4000421027cc00282acc002828c0d00423444
:0c22b400c00282ac0800e0030000000043
:020000040000fa
:020000041d01dc
:1022c000f8ffbd270400bfaf0000beaf21f0a003a0
:1022d0002110000000488240c00000000000000003
:1022e000004802400500422cfdff401400000000a1
:1022f00021e8c0030400bf8f0000be8f0800bd2787
:082300000800e00300000000ea
:020000040000fa
:020000041d01dc
:102308000000828c0004427c0c0040100000000099
:102318001000828c200042300900401400000000a8
:102328002000828c1000828c20004230fcff40107c
:10233800000000000800e003000000002000828c7c
:082348000800e00300000000a2
:020000040000fa
:020000041d01dc
:102350000000023c00004224050040100000023c46
:102360000000422403004010019d023c3f00007029
:10237000019d023ce02342240500401000000000c3
:10238000e8ffbd271400bfaf09f8400000000000bf
:08239000e448400b00000000ce
:020000040000fa
:020000041d01dc
:102398000000023c00004224070040100000023cfc
:1023a8000000422405004050019d023c3f0000709f
:1023b8000800e00300000000019d023ce0234224e5
:1023c800030040100000000009f840000000000071
:0823d8000800e0030000000012
:020000040000fa
:020000041d01dc
:1023e00000606041c000000099aa033c81bf023c2c
:1023f0005566632430f240ac30f243ac6655033c82
:10240000aa99633430f243ac81bf023c010003243b
:1024100018f643ac81bf023c10f6428cfa48400be0
:1024200000000000e8ffbd271400bfaf1000b0aff0
:102430000945400f21808000080001061400bf8f6d
:10244000019d043cb034868cb434878c212040003c
:102450002212400f212860001400bf8f1000b08f9f
:082460000800e0031800bd278d
:020000040000fa
:020000041d01dc
:10246800e8ffbd271400bfaf1000beaf21f0a003e6
:10247800010004249845400f0000000001000224d8
:10248800148082a30100022421e8c0031400bf8f36
:102498001000be8f1800bd270800e00300000000f0
:020000040000fa
:020000041d01dc
:1024a800e8ffbd271400bfaf1000beaf21f0a003a6
:1024b80001000424b345400f00000000010002247d
:1024c800158082a30100022421e8c0031400bf8ff5
:1024d8001000be8f1800bd270800e00300000000b0
:020000040000fa
:020000041d01dc
:1024e800e0ffbd271c00bfaf1800beaf21f0a0035e
:1024f800010002241000c2a31000c2932120400052
:102508002f3b400f0000000021e8c0031c00bf8fd4
:102518001800be8f2000bd270800e003000000005f
:020000040000fa
:020000041d01dc
:10252800f8ffbd270400beaf21f0a00321108000f2
:102538000c00c5af0800c2a702000224488082af81
:10254800448080af2110000021e8c0030400be8f42
:0c2558000800bd270800e00300000000a0
:020000040000fa
:020000041d01dc
:10256400f8ffbd270400beaf21f0a0030800c4afec
:102574000800c28f0400428cc002427cff0042303b
:102584002b100200ff00423021e8c0030400be8f7c
:0c2594000800bd270800e0030000000064
:020000040000fa
:020000041d01dc
:1025a000f8ffbd270400beaf21f0a0030800c4afb0
:1025b0000800c28f0400428c0002427cff004230bf
:1025c0002b100200ff00423021e8c0030400be8f40
:0c25d0000800bd270800e0030000000028
:020000040000fa
:020000041d01dc
:1025dc00f8ffbd270400beaf21f0a0030800c4af74
:1025ec000800c28f0400428c4002427cff00423043
:1025fc002b100200ff00423021e8c0030400be8f04
:0c260c000800bd270800e00300000000eb
:020000040000fa
:020000041d01dc
:10261800f0ffbd270c00bfaf0800beaf21f0a0033c
:1026280000606241c0000000000000000000c2af6e
:102638000000c28f21e8c0030c00bf8f0800be8fc6
:0c2648001000bd270800e00300000000a7
:020000040000fa
:020000041d01dc
:10265400f8ffbd270400bfaf0000beaf21f0a00308
:102664000800c4af0800c28f00608240c0000000b0
:1026740021e8c0030400bf8f0000be8f0800bd27ff
:082684000800e0030000000063
:020000040000fa
:020000041d01dc
:10268c001b00a600f401c000123000005f6b023c7e
:10269c006bca42341900a200102800004230060018
:1026ac00822d05002330c500feffc624400086acf9
:0826bc000800e003000000002b
:020000040000fa
:020000041d01dc
:1026c400e8ffbd271400bfaf1000beaf21f0a00388
:1026d40021200000ce4b400f0000000021e8c00381
:1026e4001400bf8f1000be8f1800bd270800e00340
:0426f40000000000e2
:020000040000fa
:020000041d01dc
:1026f800f8ffbd270400beaf21f0a0036880828fd9
:102708000000427cff0042302b100200ff004230e4
:1027180021e8c0030400be8f0800bd270800e003bd
:0427280000000000ad
:020000040000fa
:020000041d01dc
:10272c00f8ffbd270400beaf21f0a0036880828fa4
:10273c004000427cff0042302b100200ff00423070
:10274c0021e8c0030400be8f0800bd270800e00389
:04275c000000000079
:020000040000fa
:020000041d01dc
:10276000f8ffbd270400beaf21f0a0036880828f70
:102770008000427cff0042302b100200ff004230fc
:1027800021e8c0030400be8f0800bd270800e00355
:042790000000000045
:020000040000fa
:020000041d01dc
:10279400f8ffbd270400beaf21f0a0036880828f3c
:1027a400c000427cff0042302b100200ff00423088
:1027b40021e8c0030400be8f0800bd270800e00321
:0427c4000000000011
:020000040000fa
:020000041d01dc
:1027c800f8ffbd270400beaf21f0a0037080828f00
:1027d8008000427cff0042302b100200ff00423094
:1027e80021e8c0030400be8f0800bd270800e003ed
:0427f80000000000dd
:020000040000fa
:020000041d01dc
:1027fc00f8ffbd270400beaf21f0a0037080828fcc
:10280c00c000427cff0042302b100200ff0042301f
:10281c0021e8c0030400be8f0800bd270800e003b8
:04282c0000000000a8
:020000040000fa
:020000041d01dc
:10283000f8ffbd270400beaf21f0a0030800c4af1d
:102840000800c38f050062900400027c050062a0ae
:1028500021e8c0030400be8f0800bd270800e00384
:042860000000000074
:020000040000fa
:020000041d01dc
:10286400f8ffbd270400beaf21f0a0030800c4afe9
:102874000800c38f050062904408027c050062a032
:1028840021e8c0030400be8f0800bd270800e00350
:042894000000000040
:020000040000fa
:020000041d01dc
:10289800f8ffbd270400beaf21f0a00388bf033caa
:1028a8002061629401000424c418827c206162a41f
:1028b80021e8c0030400be8f0800bd270800e0031c
:0428c800000000000c
:020000040000fa
:020000041d01dc
:1028cc00e8ffbd271400bfaf1000beaf21f0a0037e
:1028dc00212000001a4c400f0000000021e8c0032a
:1028ec001400bf8f1000be8f1800bd270800e00336
:0428fc0000000000d8
:020000040000fa
:020000041d01dc
:10290000f8ffbd270400beaf21f0a0030800c4af4c
:1029100000a0023c0800c38fd80443ac21e8c003e8
:102920000400be8f0800bd270800e003000000007f
:020000040000fa
:020000041d01dc
:10293000f8ffbd270400beaf21f0a003688082939a
:102940000421027c688082a36c8080a721e8c003f8
:102950000400be8f0800bd270800e003000000004f
:020000040000fa
:020000041d01dc
:10296000f8ffbd270400beaf21f0a0030800c4afec
:10297000c404023c00b4423421e8c0030400be8f0a
:0c2980000800bd270800e0030000000074
:020000040000fa
:020000041d01dc
:10298c00e8ffbd271400bfaf1000beaf21f0a003bd
:10299c00212000009d35400f00000000f546400f3f
:0c29ac00000000006a4a400b0000000020
:020000040000fa
:020000041d01dc
:1029b800f8ffbd270400beaf21f0a0036880829312
:1029c8000400027c688082a321e8c0030400be8f53
:0c29d8000800bd270800e003000000001c
:020000040000fa
:020000041d01dc
:1029e400f8ffbd270400beaf21f0a00368808293e6
:1029f4004408027c688082a321e8c0030400be8fdf
:0c2a04000800bd270800e00300000000ef
:020000040000fa
:020000041d01dc
:102a1000f8ffbd270400beaf21f0a00368808293b9
:102a20008410027c688082a321e8c0030400be8f6a
:0c2a30000800bd270800e00300000000c3
:020000040000fa
:020000041d01dc
:102a3c00f8ffbd270400beaf21f0a003688082938d
:102a4c00c418027c688082a321e8c0030400be8ff6
:0c2a5c000800bd270800e0030000000097
:020000040000fa
:020000041d01dc
:102a6800f8ffbd270400beaf21f0a0037080829359
:102a78008410027c708082a321e8c0030400be8f0a
:0c2a88000800bd270800e003000000006b
:020000040000fa
:020000041d01dc
:102a9400f8ffbd270400beaf21f0a003708082932d
:102aa400c418027c708082a321e8c0030400be8f96
:0c2ab4000800bd270800e003000000003f
:020000040000fa
:020000041d01dc
:102ac0000400a01430000224080082ac0800e003d7
:102ad0000000000020000224040082ac1000022448
:0c2ae000080082ac0800e00300000000c9
:020000040000fa
:020000041d01dc
:102aec000500a0140100022480000224080082ac1e
:102afc000800e00300000000fdffa21400100224f7
:0c2b0c00040082ac0800e00300000000a0
:020000040000fa
:020000041d01dc
:102b18000029050021208500c002828c1000423463
:102b2800c00282acc002838cf2ff0224241062002f
:0c2b3800c00282ac0800e00300000000b6
:020000040000fa
:020000041d01dc
:102b4400f8ffbd270400beaf21f0a003c404023c7b
:102b540000b4423421e8c0030400be8f0800bd273e
:082b64000800e003000000007e
:020000040000fa
:020000041d01dc
:102b6c00f8ffbd270400beaf21f0a00300a0023c7b
:102b7c00d80440ac21e8c0030400be8f0800bd2778
:082b8c000800e0030000000056
:020000040000fa
:020000041d01dc
:102b9400f8ffbd270400beaf21f0a0030200022409
:102ba400388082a321e8c0030400be8f0800bd273b
:082bb4000800e003000000002e
:020000040000fa
:020000041d01dc
:102bbc0081bf023c30f240ac99aa033c55666324b9
:102bcc0030f243ac6655033caa99633430f243ac03
:082bdc000800e0030000000006
:020000040000fa
:020000041d01dc
:102be400421905000019030088bf023c301042243a
:102bf40021104300010003240428a300040045ac71
:082c04000800e00300000000dd
:020000040000fa
:020000041d01dc
:102c0c00421905000019030088bf023c60104224e1
:102c1c0021104300010003240428a300080045ac44
:082c2c000800e00300000000b5
:020000040000fa
:020000041d01dc
:102c3400421905000019030088bf023c60104224b9
:102c440021104300010003240428a300040045ac20
:082c54000800e003000000008d
:020000040000fa
:020000041d01dc
:102c5c0080290500c0ffa52488bf023c686042247f
:102c6c0021104500010003240430c300000046acd1
:082c7c000800e0030000000065
:020000040000fa
:020000041d01dc
:102c840080290500c0ffa52488bf023c646042245b
:102c940021104500010003240430c300000046aca9
:082ca4000800e003000000003d
:020000040000fa
:020000041d01dc
:102cac0080290500c0ffa52488bf023c6c6042242b
:102cbc0021104500010003240430c300000046ac81
:082ccc000800e0030000000015
:020000040000fa
:020000041d01dc
:102cd4000002888c0002838c0002828cc000047d78
:102ce4008000637c0019427c0000a4ac0000c3aceb
:082cf4000800e0030000e2a06b
:020000040000fa
:020000041d01dc
:102cfc00021e0500003ca27c900283a0800282a0f0
:102d0c00300282904032a57c4438a27c300282a0f2
:082d1c000800e00300000000c4
:020000040000fa
:020000041d01dc
:102d24000029050021208500c002828c08000324ac
:102d34000730c3002718060024106200c00282acca
:082d44000800e003000000009c
:020000040000fa
:020000041d01dc
:102d4c005450342047656e53494720555342203226
:102d5c0030323600425348202d204a4a45000000ac
:042d6c000000000063
:020000040000fa
:020000041d01dc
:102d7000f8ffbd270400beaf21f0a0030800c4afd8
:102d800021e8c0030400be8f0800bd270800e0034f
:042d9000000000003f
:020000040000fa
:020000041d01dc
:102d94000000838c1f0063300400601421100000c5
:102da4001000828c004042388003427c0800e0031b
:042db400000000001b
:020000040000fa
:020000041d01dc
:102db800421905000019030088bf023c6010422434
:102dc800211043000000428c0610a2000800e00316
:042dd8000100423084
:020000040000fa
:020000041d01dc
:102ddc00f8ffbd270400bfaf006002400100423481
:102dec0000608240c00000000400bf8f0800e003b8
:042dfc000800bd27e7
:020000040000fa
:020000041d01dc
:102e00000000828c4000a37cc45a627c000082ac2b
:102e10000000828c8452a27c000082ac0800e00397
:042e200000000000ae
:020000040000fa
:020000041d01dc
:102e24000400c01081bf023c689045ac0800e00378
:102e340000000000649045ac0800e00300000000be
:020000040000fa
:020000041d01dc
:102e440080290500c0ffa52488bf023c606042249d
:102e5400212845000000a6ac0800e00300000000a3
:020000040000fa
:020000041d01dc
:102e640080290500c0ffa52488bf023c4460422499
:102e7400212845000000a6ac0800e0030000000083
:020000040000fa
:020000041d01dc
:102e840080290500c0ffa52488bf023c7860422445
:102e9400212845000000a6ac0800e0030000000063
:020000040000fa
:020000041d01dc
:102ea4001002828c02004234100282ac1002828c26
:102eb4004408027c100282ac0800e0030000000019
:020000040000fa
:020000041d01dc
:102ec4002c00a52400290500212085000000829003
:102ed4004408027c000082a00800e0030000000017
:020000040000fa
:020000041d01dc
:102ee40000409c46000080470000004700ff7f47e9
:0c2ef400db0fc9400000c8420000804015
:020000040000fa
:020000041d01dc
:102f0000f8ffbd270400bfaf00606241c0000000b1
:0c2f10000400bf8f0800e0030800bd278c
:020000040000fa
:020000041d01dc
:102f1c00400283905002828cff00633007004230e5
:0c2f2c00001202000800e0032510430022
:020000040000fa
:020000041d01dc
:102f380081bf023c00f2438cc418037c00f243ac0e
:082f48000800e0030000000096
:020000040000fa
:020000041d01dc
:102f50003333033c3333632481bf023c30f243ac50
:082f60000800e003000000007e
:020000040000fa
:020000041d01dc
:102f680081bf023c00f0438c04d6a37c00f043ac44
:082f78000800e0030000000066
:020000040000fa
:020000041d01dc
:102f80004002827c0200401408000224040082ac4b
:082f90000800e003000000004e
:020000040000fa
:020000041d01dc
:102f98001000828c272805002410a200100082aca3
:082fa8000800e0030000000036
:020000040000fa
:020000041d01dc
:102fb00040008290010003240400627c400082a053
:082fc0000800e003000000001e
:020000040000fa
:020000041d01dc
:102fc800d001828c272805002410a200d00182acf1
:082fd8000800e0030000000006
:020000040000fa
:020000041d01dc
:102fe000a0028290010003240421627ca00282a03e
:082ff0000800e00300000000ee
:020000040000fa
:020000041d01dc
:102ff800a0028290010003240421627ca00282a026
:083008000800e00300000000d5
:020000040000fa
:020000041d01dc
:103010002c00a52400290500212085000000828cb9
:083020000800e0034000427cbf
:020000040000fa
:020000041d01dc
:1030280000601a40bfff1b3cffff7b3724d05b03c7
:0830380000609a4018000042fc
:020000040000fa
:020000041d01dc
:103040003082009dacd8009dacb0009d0000000017
:04305000f015019dd9
:020000040000fa
:020000041d01dc
:103054000000828c8431a27c000082ac0800e00372
:043064000000000068
:020000040000fa
:020000041d01dc
:103068000010032488bf023c081043ac0800e003aa
:043078000000000054
:020000040000fa
:020000041d01dc
:10307c000000828c0410a27c000082ac0800e003eb
:04308c000000000040
:020000040000fa
:020000041d01dc
:103090000000828c0429a27c000082ac0800e003be
:0430a000000000002c
:020000040000fa
:020000041d01dc
:1030a4000080033488bf023cc86143ac0800e003dd
:0430b4000000000018
:020000040000fa
:020000041d01dc
:1030b8000000828c444aa27c000082ac0800e00335
:0430c8000000000004
:020000040000fa
:020000041d01dc
:1030cc000000828c0442a27c000082ac0800e00369
:0430dc0000000000f0
:020000040000fa
:020000041d01dc
:1030e0000000828c8431a27c000082ac0800e003e6
:0430f00000000000dc
:020000040000fa
:020000041d01dc
:1030f400000082944408a27c000082a40800e0033b
:0431040000000000c7
:020000040000fa
:020000041d01dc
:103108001000828c2528a200100085ac0800e0037e
:0431180000000000b3
:020000040000fa
:020000041d01dc
:10311c00d001828c2528a200d00185ac0800e003e8
:04312c00000000009f
:020000040000fa
:020000041d01dc
:10313000d00185acf00186ac100087ac0800e0033c
:04314000000000008b
:020000040000fa
:020000041d01dc
:10314400100282904429027c100282a00800e0034d
:043154000000000077
:020000040000fa
:020000041d01dc
:103158001002828c04004234100282ac0800e003a2
:043168000000000063
:020000040000fa
:020000041d01dc
:10316c001002828c8410027c100282ac0800e003f6
:04317c00000000004f
:020000040000fa
:020000041d01dc
:10318000200282900430a27c200282a00800e0038a
:04319000000000003b
:020000040000fa
:020000041d01dc
:1031940040000224080082ac0800e00300000000a4
:020000040000fa
:020000041d01dc
:1031a40000020224080082ac0800e00300000000d2
:020000040000fa
:020000041d01dc
:1031b40000800234080082ac0800e0030000000034
:020000040000fa
:020000041d01dc
:1031c40000800234040082ac0800e0030000000028
:020000040000fa
:020000041d01dc
:1031d40000040224140082ac0800e0030000000094
:020000040000fa
:020000041d01dc
:1031e40000100224080082ac0800e0030000000084
:020000040000fa
:020000041d01dc
:1031f40001000224080082ac0800e0030000000083
:020000040000fa
:020000041d01dc
:1032040002000224080082ac0800e0030000000071
:020000040000fa
:020000041d01dc
:1032140008000224080082ac0800e003000000005b
:020000040000fa
:020000041d01dc
:1032240004000224080082ac0800e003000000004f
:020000040000fa
:020000041d01dc
:103234001000828c010042300800e0030100423893
:020000040000fa
:020000041d01dc
:103244001000828c004042380800e0038003427c76
:020000040000fa
:020000041d01dc
:103254001000828c008042380800e003c003427ce6
:020000040000fa
:020000041d01dc
:1032640080000224140082ac0800e0030000000087
:020000040000fa
:020000041d01dc
:103274000000828c1f0042300800e0030100422c51
:020000040000fa
:020000041d01dc
:1032840040000224140082ac0800e00300000000a7
:020000040000fa
:020000041d01dc
:1032940088bf023cd86145ac0800e0030000000090
:020000040000fa
:020000041d01dc
:1032a40088bf023ce86145ac0800e0030000000070
:020000040000fa
:020000041d01dc
:1032b40000800234080082ac0800e0030000000033
:020000040000fa
:020000041d01dc
:1032c40000800234040082ac0800e0030000000027
:020000040000fa
:020000041d01dc
:1032d40000200224040082ac0800e0030000000087
:020000040000fa
:020000041d01dc
:1032e40020000224080082ac0800e0030000000073
:020000040000fa
:020000041d01dc
:1032f4000100023c080082ac0800e003000000006a
:020000040000fa
:020000041d01dc
:103304000080023c040082ac0800e00300000000de
:020000040000fa
:020000041d01dc
:1033140000800234080082ac0800e00300000000d2
:020000040000fa
:020000041d01dc
:1033240000800234040082ac0800e00300000000c6
:020000040000fa
:020000041d01dc
:103334000000828c2410a2000800e0032b1002007d
:020000040000fa
:020000041d01dc
:103344001000828c2410a2000800e0032b1002005d
:020000040000fa
:020000041d01dc
:10335400c001828c2410a2000800e0032b1002009c
:020000040000fa
:020000041d01dc
:10336400d001828c2410a2000800e0032b1002007c
:020000040000fa
:020000041d01dc
:1033740001000224a40282ac0800e0030000000063
:020000040000fa
:020000041d01dc
:1033840001000224a80282ac0800e003000000004f
:020000040000fa
:020000041d01dc
:0c3394001000828c0800e003c000427ca6
:020000040000fa
:020000041d01dc
:0c33a0001000828c0800e0030001427c59
:020000040000fa
:020000041d01dc
:0c33ac001000828c0800e0038002427ccc
:020000040000fa
:020000041d01dc
:0c33b8001000828c0800e003010042308d
:020000040000fa
:020000041d01dc
:0c33c400500085ac0800e0030000000091
:020000040000fa
:020000041d01dc
:0c33d0001000828c0800e003c001427c69
:020000040000fa
:020000041d01dc
:0c33dc001000828c0800e0034000427cde
:020000040000fa
:020000041d01dc
:0c33e8006000828c0800e003ff0042300f
:020000040000fa
:020000041d01dc
:0c33f4001000828c0800e0038001427c85
:020000040000fa
:020000041d01dc
:0c3400001000828c0800e003c002427c37
:020000040000fa
:020000041d01dc
:0c340c00200085ac0800e0030000000078
:020000040000fa
:020000041d01dc
:0c341800100080ac0800e0030000000081
:020000040000fa
:020000041d01dc
:0c342400200085ac0800e0030000000060
:020000040000fa
:020000041d01dc
:0c343000000085ac0800e0030000000074
:020000040000fa
:020000041d01dc
:0c343c002000828c0800e003c000427ced
:020000040000fa
:020000041d01dc
:0c344800c00185ac0800e003000000009b
:020000040000fa
:020000041d01dc
:0c345400e00185ac0800e003000000006f
:020000040000fa
:020000041d01dc
:0c346000e001828c0800e0030000000086
:020000040000fa
:020000041d01dc
:08346c000000401454000000b0
:020000040000fa
:020000041d01dc
:083474000800e003010002243e
:020000040000fa
:020000041d01dc
:08347c000800e0030100022436
:020000040000fa
:020000041d01dc
:083484000800e003010002242e
:020000040000fa
:020000041d01dc
:08348c000800e0030100022426
:020000040000fa
:020000041d01dc
:083494000800e0030000000045
:020000040000fa
:020000041d01dc
:08349c000800e003000000003d
:020000040000fa
:020000041d01dc
:1034a800000000000000f041000000000000f041b2
:00000001FF
